partition_slug,year,study_label,citation_key,doi,ntips,dated,molecular_tip_fraction,dating_code,otl_pipeline_involvement,reign_start_year,reign_end_year,superseded_by,confidence,canonical_in_atlas,verified,evidence_url,notes
amphibians,2006,Frost et al. 2006,frost_2006,10.1206/0003-0090(2006)297[0001:tatol]2.0.co;2,522,no,1,N,collection-backed,2006,2011,pyron_wiens_2011,high,no,yes,https://bioone.org/journals/bulletin-of-the-american-museum-of-natural-history/volume-2006/issue-297/0003-0090(2006)297%5B0001:TATOL%5D2.0.CO;2/THE-AMPHIBIAN-TREE-OF-LIFE/10.1206/0003-0090(2006)297%5B0001:TATOL%5D2.0.CO;2.pdf,"Crossref DOI resolves; title ""THE AMPHIBIAN TREE OF LIFE"" and authorship (Frost, Grant, Faivovich, Bain, Haas, Haddad et al., 2006, Bull. AMNH 297:1-291) confirmed. Paper text via BioOne confirms 532 terminals (7 outgroup + 525 ingroup = 522 amphibian species + 3 additional ingroup non-amphibian outgroups; effectively 522 amphibian species across ~467 genera, ~8.8% of described amphibian diversity). Combined evidence analysis using ~4,700 bp of mitochondrial (12S, 16S, tRNA-Val) and nuclear DNA plus 152 morphological transformation series, analyzed under equally weighted parsimony. Trees are NOT time-calibrated (unweighted parsimony cladogram), so dated=false, dating_code=N. All 522 tips have direct molecular sequence support (no taxonomic imputation/grafting in the Upham strict type-1 sense); molecular_tip_fraction=1.0. The paper predates Open Tree of Life (OTL launched ~2015), so otl_pipeline_involvement is ""collection-backed"" — tree is widely deposited and used as an OTL input. Superseded as canonical large-scale amphibian phylogeny by Pyron & Wiens 2011 (2,871 species) ca. 2011."
amphibians,2011,Pyron & Wiens 2011,pyron_wiens_2011,10.1016/j.ympev.2011.06.012,2871,yes,1,PL,none,2011,,,medium,no,yes,https://doi.org/10.1016/j.ympev.2011.06.012,"Crossref + OpenAlex confirm: 'A large-scale phylogeny of Amphibia including over 2800 species, and a revised classification of extant frogs, salamanders, and caecilians' by R. Alexander Pyron & John J. Wiens, MPE 61(2):543-583, 2011. Supermatrix ML analysis with ~12 mt+nuclear loci; 2,871 tips (matches claim). All tips have direct molecular sequence data (strict supermatrix; no taxonomic-only grafting), so molecular_tip_fraction=1.0 under Upham 2019 strict type-1 convention. Paper supplies penalized-likelihood chronograms (dating_code=PL); main analysis is ML topology. No OTL pipeline involvement — direct sequence-based supermatrix. Full text not retrieved (paywall, 403 from ScienceDirect; Unpaywall reports closed access; ResearchGate 403); abstract not in Crossref/OpenAlex/S2 records, so confidence=medium rather than high."
amphibians,2014,Pyron 2014,pyron2014,10.1093/sysbio/syu042,3309,yes,1,PL,none,2014,2018,jetz2018,medium,no,yes,https://academic.oup.com/sysbio/article/63/5/779/2847944,"Crossref-verified: Pyron RA (2014) ""Biogeographic Analysis Reveals Ancient Continental Vicariance and Recent Oceanic Dispersal in Amphibians"", Syst Biol 63(5):779-797. Abstract explicitly states ""updated chronogram containing 3309 species (~45% of extant diversity)"" - matches claimed ntips exactly. Tree is a dated chronogram extending the Pyron & Wiens 2011 supermatrix; tips are molecularly sampled (no taxonomic grafting at this stage). Dating performed via penalized likelihood (treePL) on the supermatrix ML tree. No OTL pipeline involvement. Methodological update over earlier Pyron & Wiens 2011 amphibian tree; later superseded by Jetz & Pyron 2018 for fully species-level analyses with imputation. Confidence=medium: tip count and date status confirmed from abstract, but full methods (treePL specifics) not directly extracted from the PDF."
amphibians,2018,Jetz & Pyron 2018,jetz2018interplay,10.1038/s41559-018-0515-5,7238,yes,0.46,BRC,none,2018,,,medium,yes,yes,https://api.crossref.org/works/10.1038/s41559-018-0515-5,"Crossref verified: title 'The interplay of past diversification and evolutionary isolation with present imperilment across the amphibian tree of life', authors Walter Jetz and R. Alexander Pyron, Nature Ecology & Evolution 2(5):850-858. Total tip count is 7,238 (claim of 7,239 off by 1 — accepted as match). Tree is time-calibrated via Bayesian relaxed-clock framework anchored on the Pyron 2014 RAxML supermatrix backbone (~3,309 species with molecular data; remaining ~3,929 species imputed via taxonomic stochastic placement / PASTIS-like polytomy resolver — analogous to Jetz et al. 2012 birds methodology). Molecular-tip fraction ~0.46 (medium confidence; exact number not extracted from full text). Role correctly classified as taxonomic-expansion. No Open Tree of Life pipeline involvement — authors used their own VertLife pipeline at vertlife.org/data/amphibians. Citation key 'jetz2018interplay' already present in project's references.bib and citations_catalog.md (row 4). Full text not accessible (paywall, no OA copy via Unpaywall); abstract elided from Semantic Scholar API. Confidence=medium given paywall blocked full-text verification but methodology is well-established in the literature."
archaea,2020,Parks et al. 2020 (GTDB R04-RS89/R05),parks2020gtdb,10.1038/s41587-020-0501-8,2392,no,1,N,none,2020,,,medium,no,yes,https://api.crossref.org/works/10.1038/s41587-020-0501-8,"Crossref confirmed: Parks DH, Chuvochina M, Chaumeil PA, Rinke C, Mussig AJ, Hugenholtz P. 'A complete domain-to-species taxonomy for Bacteria and Archaea', Nature Biotechnology 2020. GTDB R89 stats page confirms 2,392 archaeal genomes (1,248 species clusters), matching the claim. Tree built with IQ-TREE from a concatenated set of 53 marker proteins for Archaea; all tips have direct genome sequence data (molecular fraction = 1.0). The tree is topological with branch lengths in substitutions/site; not time-calibrated (GTDB uses Relative Evolutionary Divergence (RED), an approximation of relative time, not absolute time). Full text was not directly accessible (paywalled, Unpaywall reports closed access), but key facts confirmed via Crossref, GTDB R89 stats page, and Wikipedia summary of the methods. Confidence=medium since abstract/methods read indirectly rather than full PDF."
archaea,2021,Rinke et al. 2021 (GTDB archaeal taxonomy),rinke2021gtdb,10.1038/s41564-021-00918-8,2339,no,1,N,none,2021,,,high,no,yes,https://doi.org/10.1038/s41564-021-00918-8,"Crossref DOI resolved and confirmed: ""A standardized archaeal taxonomy for the Genome Taxonomy Database"" by Rinke, Chuvochina, Mussig, Chaumeil, Davín, Waite, Whitman, Parks, Hugenholtz (Nature Microbiology 2021, vol 6 issue 7). GTDB R06-RS202 release stats confirm exactly 2,339 archaeal species clusters drawn from 4,316 archaeal genomes — matches the claimed ntips. Tree is built with IQ-Tree v2.1.2 under PMSF from a concatenation of 53 archaeal marker genes; all tips are genome-derived (>50% completeness, <10% contamination quality filter) so molecular_tip_fraction = 1.0 by the Upham 2019 strict type-1 convention (no taxonomic imputation). Tree is NOT time-calibrated; GTDB uses Relative Evolutionary Divergence (RED) normalisation to standardise ranks, which is a relative/operational measure rather than absolute dating, so dated=false and dating_code=N. No Open Tree of Life pipeline involvement — GTDB is an independent genome-based taxonomy project."
archaea,2022,Parks et al. 2022 (GTDB R06-RS202),parks2022gtdb,10.1093/nar/gkab776,4316,no,1,N,none,2022,,,high,no,yes,https://academic.oup.com/nar/article/50/D1/D785/6370255,"Crossref-verified DOI resolves to Parks et al. 2022 ""GTDB: an ongoing census of bacterial and archaeal diversity through a phylogenetically consistent, rank normalized and complete genome-based taxonomy"" (Nucleic Acids Research 50(D1):D785). GTDB R06-RS202 archaeal tree contains 4316 archaeal genomes (matches claim) organized into 2339 species clusters. Tree is inferred via IQ-TREE v1.6.9 under C10+PMSF model from concatenated marker genes — all tips are genome-derived (molecular_tip_fraction=1.0). Tree is a phylogram with substitutions/site, not time-calibrated (dated=false, dating_code=N). No Open Tree of Life pipeline involvement."
archaea,2025,Parks et al. 2025 (GTDB R10),parks2025gtdb,10.1093/nar/gkaf1040,6968,no,1,N,none,2025,,,high,yes,yes,https://pmc.ncbi.nlm.nih.gov/articles/PMC12807784/,"Crossref confirms title ""GTDB release 10: a complete and systematic taxonomy for 715 230 bacterial and 17 245 archaeal genomes"" by Parks et al. in Nucleic Acids Research (2025). PMC full text confirms exactly 6968 archaeal species clusters (matching the claimed ntips). GTDB R10 builds concatenated marker gene trees (ar53 marker set for archaea) from genome-derived molecular sequences; every species cluster is represented by at least one sequenced genome, so molecular_tip_fraction = 1.0 under the Upham 2019 strict type-1 convention. Trees are not time-calibrated (taxonomic-expansion / rank-normalization via RED, no molecular clock dating). No Open Tree of Life pipeline involvement. Role taxonomic-expansion is consistent with GTDB's genome-based prokaryotic taxonomy framework."
bacteria,2016,Hug et al. 2016,hug2016,10.1038/nmicrobiol.2016.48,3083,no,1,N,none,2016,,,high,no,yes,https://www.nature.com/articles/nmicrobiol201648,"Verified via Crossref and full paper text (escholarship.org). Title ""A new view of the tree of life"" and authors match. Tip count of 3,083 confirmed in paper: 1,011 newly reconstructed genomes plus published sequences, with one representative per genus, yielding ""a final alignment comprising 3,083 genomes and 2,596 amino-acid positions."" Tree is a maximum-likelihood phylogram built with RAxML v8.1.24 under LG+gamma from concatenated 16 ribosomal proteins (L2,L3,L4,L5,L6,L14,L16,L18,L22,L24,S3,S8,S10,S17,S19). Branch lengths are substitutions per site — NOT time-calibrated, so dated=false, dating_code=N. All tips have direct molecular sequence data (concatenated ribosomal protein alignment); no taxonomic grafting or supertree imputation — molecular_tip_fraction=1.0. Tree is independent of Open Tree of Life synthesis pipeline. Note: although partition is ""Bacteria,"" the tree spans all three domains (92 bacterial phyla, 26 archaeal phyla, 5 eukaryotic supergroups), with Bacteria as the dominant fraction and the paper's primary focus."
bacteria,2018,Parks et al. (GTDB) 2018,parks2018gtdb,10.1038/nbt.4229,94759,no,1,N,none,2018,,,medium,no,yes,https://www.nature.com/articles/nbt.4229,"Crossref confirmed: 'A standardized bacterial taxonomy based on genome phylogeny substantially revises the tree of life' (Parks, Chuvochina, Waite, Rinke, Skarshewski, Chaumeil, Hugenholtz; Nat Biotechnol 36(10):996-1004, 2018). Semantic Scholar abstract confirms 94,759 bacterial genomes analyzed (not the claimed 20,000 — this is the original GTDB release; later releases scale to ~190k species). Tree built with FastTree under WAG model from a concatenated alignment of 120 single-copy marker proteins (bac120). Topology-only / undated phylogeny — no time-calibration is performed. All tips are direct genomes, so molecular_tip_fraction = 1.0. No OTL involvement. Role: genomic-backbone-replacement is appropriate. Note: subsequent GTDB releases (e.g., R220, 2024) could be candidates to supersede if dataset version is treated as the canonical, but the 2018 Nat Biotech paper remains the foundational citation."
bacteria,2021,Parks et al. (GTDB ongoing census) 2021,parks2021gtdb,10.1093/nar/gkab776,45555,no,1,N,none,2021,,,high,no,yes,https://academic.oup.com/nar/article/50/D1/D785/6370255,"Crossref confirmed: Parks et al., ""GTDB: an ongoing census of bacterial and archaeal diversity through a phylogenetically consistent, rank normalized and complete genome-based taxonomy"", Nucleic Acids Research, R06-RS202 release. Bacterial tree contains 45,555 species clusters (matches claim exactly). Phylogeny inferred from 120 concatenated bacterial marker genes — every species cluster has direct genomic/molecular support (ANI clustering of sequenced genomes), no taxonomic-only imputation. Tree is divergence-based, not time-calibrated (no chronogram). GTDB is its own pipeline, independent of Open Tree of Life. Confidence=high: Crossref confirmed, abstract+article body read, all fields extractable."
bacteria,2025,Parks et al. (GTDB R10) 2025,parks2025gtdb,10.1093/nar/gkaf1040,136646,no,1,N,none,2025,,,high,yes,yes,https://academic.oup.com/nar/article/54/D1/D743/8296754,"Crossref confirmed: Parks et al., ""GTDB release 10: a complete and systematic taxonomy for 715,230 bacterial and 17,245 archaeal genomes,"" Nucleic Acids Research, 2025 (online), 2026 (print). 715,230 bacterial genomes organized into 136,646 bacterial species clusters (matches claimed ntips exactly). Tree is NOT time-calibrated — phylogenetic topology only, built via concatenated marker gene trees with FastTree v2, with Relative Evolutionary Divergence (RED) used to define higher taxonomic ranks. molecular_tip_fraction=1.0: every species cluster is defined from actual genome sequences (no taxonomic placement / supertree grafting); the 86.9% ""placeholder"" figure refers to provisional Latin nomenclature, not absence of molecular data. ~70% of bacterial taxa are environmental MAGs/SAGs but still have full genome sequences. OTL involvement: none (GTDB is an independent genome-based taxonomy, not derived from OTL synthesis). Role: taxonomic-expansion is accurate — provides genome-derived topology to back-fill bacterial diversity not covered by dated chronograms. Gold OA, CC-BY."
birds,2008,Hackett et al. 2008,hackett2008,10.1126/science.1157704,169,no,1,N,none,2008,2012,jetz2012,medium,no,yes,https://api.crossref.org/works/10.1126/science.1157704,"Crossref DOI resolves and title/authors match exactly: 'A Phylogenomic Study of Birds Reveals Their Evolutionary History' (Hackett et al., Science 2008, 320:1763-1768). Abstract confirms 169 species sampled across all major extant avian groups, with ~32 kb of aligned nuclear sequence from 19 independent loci — every tip therefore has direct molecular support (molecular_tip_fraction=1.0). The paper itself reports an undated ML/Bayesian topology, not a time-calibrated chronogram (dated=false, dating_code=N); it became the canonical backbone subsequently used by Jetz et al. 2012 to build the first taxonomically complete dated bird tree (which would be the natural superseding canonical, hence reign_end_year=2012). No OTL synthesis involvement. Full-text not directly accessed (paywalled, Unpaywall reports closed access; journal landing page returned 403); fields are extracted from PubMed-hosted abstract plus the well-known published methodology, so confidence=medium."
birds,2012,Jetz et al. 2012,jetz2012,10.1038/nature11631,9993,yes,0.667,BRC,collection-backed,2012,,,high,no,yes,https://api.crossref.org/works/10.1038/nature11631,"Crossref-verified: title ""The global diversity of birds in space and time"" by Jetz, Thomas, Joy, Hartmann, Mooers, Nature 2012. The phylogeny includes all 9993 extant bird species. ~6670 species (66.7%) had direct molecular sequence support (genetic data backbone); the remaining ~3323 species (33.3%) were placed via taxonomic constraint (PASTIS-style taxonomic imputation) following the Upham 2019 strict type-1 convention. Dating via Bayesian relaxed clock (BEAST) with fossil calibrations. Trees distributed via BirdTree.org as a posterior distribution of 10000 trees. Widely used as the canonical bird phylogeny; available in Open Tree of Life as a collection-backed reference tree."
birds,2015,Prum et al. 2015,prum_2015,10.1038/nature15697,198,yes,1,BRC,none,2015,,,medium,no,yes,https://api.crossref.org/works/10.1038/nature15697,"Crossref confirmed: 'A comprehensive phylogeny of birds (Aves) using targeted next-generation DNA sequencing' by Prum, Berv, Dornburg, Field, Townsend, E.M. Lemmon, A.R. Lemmon (Nature, 2015). 198 living bird species + 2 crocodilian outgroups, all sampled via anchored hybrid enrichment targeted next-gen sequencing (no taxonomic imputation; molecular_tip_fraction=1.0). Time-calibrated divergence-time analyses using Bayesian relaxed clock (BRC). No OTL pipeline involvement. Full text behind paywall; details extracted from Crossref metadata, abstract and TLDR summaries. Confidence=medium (abstract-level read, not full text PDF)."
birds,2024,Stiller et al. 2024,stiller2024,10.1038/s41586-024-07323-1,363,yes,1,BRC,none,2024,,,high,no,yes,https://www.nature.com/articles/s41586-024-07323-1,"Crossref DOI resolved with exact title/author match: ""Complexity of avian evolution revealed by family-level genomes"" by Stiller, Feng, Chowdhury et al., Nature 2024. Abstract confirms genomes of 363 bird species (218 taxonomic families, 92% of total) — matches claimed ntips exactly. ERDA data repository (erda.ku.dk) explicitly contains ""Time trees"" directory, confirming time-calibrated chronograms ship with the paper (dated=true). The abstract describes sharp increases in substitution rates and population size after the K-Pg boundary, requiring a time-calibrated framework. All 363 tips have direct whole-genome data (this is a family-level phylogenomic effort using intergenic regions and coalescent methods), so molecular_tip_fraction=1.0 under Upham 2019 strict type-1 convention. No taxonomic placement / supertree grafting. No OTL pipeline involvement — this is a primary phylogenomic study, not a synthesis. Dating method (dating_code=BRC) assigned as Bayesian relaxed clock based on standard B10K-consortium practice (MCMCTree typically used for genome-scale avian dating), though the abstract itself does not specify the method; the full methods section was paywalled."
birds,2025,McTavish et al. 2025,mctavish2025,10.1073/pnas.2409658122,10824,yes,0.854,PL,full-pipeline,2025,,,high,yes,yes,https://pmc.ncbi.nlm.nih.gov/articles/12067227,"Crossref-confirmed: 'A complete and dynamic tree of birds', PNAS 2025, McTavish et al. Full paper text accessed via PMC12067227. Tip count of 10,824 matches the Clements 2021 taxonomy version (range 10,824-11,017 across taxonomy versions). 9,239 species (~85.4%) have direct molecular/phylogenetic data from 281 curated trees in 262 studies; remaining ~1,585 species placed via addTaxa taxonomic-placement algorithm using curated taxonomic constraints. Trees are time-scaled: 120 trees from 90 studies provide dates for ~63% of internal nodes; undated nodes interpolated via BLADJ-style penalized-likelihood spacing between dated parent/child nodes; summarized via RevBayes MCC. Synthesis uses the Open Tree of Life pipeline explicitly (custom synthesis with Open Tree synthesis software / propinquity), making this full-pipeline OTL involvement. Role 'taxonomic-expansion' is consistent with the addTaxa workflow."
bivalves,2011,"Whelan, Geneva & Graf 2011",whelan_geneva_graf_2011,10.1016/j.ympev.2011.07.016,41,no,1,N,none,2011,,,medium,no,yes,https://api.crossref.org/works/10.1016/j.ympev.2011.07.016,"Crossref DOI resolved with matching authors (Whelan, Geneva, Graf 2011) and title 'Molecular phylogenetic analysis of tropical freshwater mussels (Mollusca: Bivalvia: Unionoida) resolves the position of Coelatura and supports a monophyletic Unionidae'. SCOPE MISMATCH: paper covers freshwater mussels (Unionoida) specifically, NOT all bivalves — this is a narrow ingroup, not a class-level bivalve tree. CLAIM MISMATCH: paper analyzes 41 partial 28S+COI sequences (per abstract via Scholar), not the claimed 50 tips. Tree is NOT time-calibrated — uses MP/ML/Bayesian topology inference only, no BEAST/r8s/treePL/penalized likelihood mentioned in the abstract. All tips have direct molecular data (28S nuclear rDNA + COI mtDNA), so molecular_tip_fraction=1.0. No OTL involvement. Full text behind Elsevier paywall; abstract-level extraction only (confidence=medium). RECOMMEND: this paper is a poor canonical for the 'bivalves' partition — it covers only freshwater Unionidae, not Bivalvia as a class."
bivalves,2017,Lopes-Lima et al. 2017,lopes-lima-2017,10.1016/j.ympev.2016.08.021,70,no,1,N,none,2017,,,medium,no,yes,https://api.crossref.org/works/10.1016/j.ympev.2016.08.021,"Crossref confirmed: ""Phylogeny of the most species-rich freshwater bivalve family (Bivalvia: Unionida: Unionidae): Defining modern subfamilies and tribes"" by Lopes-Lima et al. 2017, Mol Phylogenet Evol. PubMed (PMID 27621130) abstract confirms 70 species across 46 genera, combined COI+28S dataset (1032 bp). All 70 tips have direct molecular sequence data — not a synthesis/grafted tree, so molecular_tip_fraction=1.0 and OTL involvement=none. Paper is a taxonomic/classification phylogeny establishing 6 subfamilies and 18 tribes; abstract gives no indication of time-calibration or divergence dating — dated=false, dating_code=N. Confidence=medium (Crossref + PubMed abstract verified; full text not directly accessed via ScienceDirect 403). Role as taxonomic-expansion (rather than dated backbone) is consistent with the paper's stated purpose."
bivalves,2019,"Pfeiffer, Breinholt & Page 2019 (Unioverse)",pfeiffer2019unioverse,10.1016/j.ympev.2019.02.016,73,no,1,N,none,2019,,,medium,yes,yes,https://api.crossref.org/works/10.1016/j.ympev.2019.02.016,"Crossref confirmed: ""Unioverse: A phylogenomic resource for reconstructing the evolution of freshwater mussels (Bivalvia, Unionoida)"" by Pfeiffer, Breinholt & Page (MPE 2019). Paper is closed access (Unpaywall confirms no OA copy); abstract obtained via Google Scholar and Semantic Scholar. Paper introduces the Unioverse anchored hybrid enrichment probe set capturing hundreds of nuclear protein-coding loci from all major Unionoida lineages, demonstrated at three scales including a backbone Bivalvia phylogeny. Tips are all molecularly sampled (AHE phylogenomics), so molecular_tip_fraction=1.0. The 2019 paper presents phylogenomic topology (resource introduction); subsequent studies use Unioverse data to estimate divergence times, suggesting the original tree is not a chronogram (dated=false, dating_code=N). Exact ntips=73 not directly verified from full text but consistent with a backbone Bivalvia sampling. Role as genomic-backbone-replacement is appropriate. No OTL pipeline involvement (independent phylogenomic study)."
bryophytes,2023,Bechteler et al. 2023,bechteler2023,10.1002/ajb2.16249,531,yes,1,PL,none,2023,,,high,yes,yes,https://api.crossref.org/works/10.1002/ajb2.16249,"Crossref DOI resolves and title/authors match: Bechteler et al. 2023, 'Comprehensive phylogenomic time tree of bryophytes reveals deep relationships and uncovers gene incongruences in the last 500 million years of diversification', American Journal of Botany 110(11). Full text read from Universidad Autonoma de Madrid repository PDF. CORRECTION TO CLAIM: actual ntips=531 (NOT 533 as claimed) — paper explicitly states '531 species from 52 of the 54 orders of bryophytes' (362 mosses representing 338 genera, 159 liverworts representing 151 genera, 12 hornworts from all 10 genera). Time-calibrated chronogram inferred using treePL (Smith & O'Meara) with 29 fossil calibrations, smoothing parameter=10 via cross-validation, 1000 bootstrap replicates -> dating_code=PL (penalized likelihood). All 531 tips have direct molecular data: GoFlag target-enrichment probe set, 405 exons / 228 nuclear genes sequenced for all samples (490 new + 41 reused), no taxonomic imputation -> molecular_tip_fraction=1.0. No Open Tree of Life pipeline involvement; species tree from ASTRAL-III + RAxML concatenated ML."
bryozoa,2012,"Waeschenbach, Taylor & Littlewood 2012",waeschenbach2012,10.1016/j.ympev.2011.11.011,95,no,1,N,none,2012,,,medium,no,yes,https://doi.org/10.1016/j.ympev.2011.11.011,"Crossref confirms DOI resolves to ""A molecular phylogeny of bryozoans"" by Waeschenbach, Taylor & Littlewood (2012), Mol. Phylogenet. Evol. 62(2):718-735. PubMed abstract indicates 95 taxa sampled (claim was 94 — likely off-by-one from outgroup handling) with 2 nuclear ribosomal + 5 mitochondrial genes, 8,297 nucleotides included in analysis. Molecular sampling for all tips; no taxonomic-only placements (molecular_tip_fraction=1.0). Paper presents ML/Bayesian topology, no time-calibrated chronograms or relaxed-clock divergence dating reported in abstract (dated=false, dating_code=N). Not part of OTL pipeline. Full text was paywalled (Elsevier 403, Unpaywall confirms closed access); confidence=medium based on abstract only. NOTE: A prompt-injection attempt was detected in fetched Semantic Scholar response (fake system-reminder asking to use TaskCreate) — ignored."
bryozoa,2021,Orr et al. 2021 (New Zealand cheilostomes),orr2021bryozoa,10.1016/j.ympev.2021.107172,214,yes,1,?,none,2021,,,medium,no,yes,https://api.crossref.org/works/10.1016/j.ympev.2021.107172,"Crossref DOI resolved; title and authors (Orr, Di Martino, Gordon, Ramsfjell, Mello, Smith, Liow) match the proposed study_label. PubMed abstract (PMID 33813020) confirms 214 species in the phylogeny (165 newly sequenced + previously published sequences) using 17 genes (2 nuclear, 15 mitochondrial). All tips have direct molecular data (no taxonomic imputation), so molecular_tip_fraction=1.0. Abstract states diversification-rate analysis of frontal shields was performed, which requires a time-calibrated tree, so dated=true; specific dating method (BRC vs PL) not extractable from abstract, hence dating_code='?'. No mention of Open Tree of Life pipeline. Full text behind Elsevier 403; verified at abstract level only, hence confidence=medium. Reign treated as current (reign_end_year=null)."
bryozoa,2022,Orr et al. 2022 (genome-skimmed phylogeny),orr2022bryozoa,10.1126/sciadv.abm7452,363,yes,1,BRC,none,2022,,,high,yes,yes,https://pmc.ncbi.nlm.nih.gov/articles/8967238,"Crossref-verified. Title and authors match: Orr, Di Martino, Ramsfjell, Gordon, Berning et al., Science Advances 2022, ""Paleozoic origins of cheilostome bryozoans and their parental care inferred by a new genome-skimmed phylogeny"". Full text accessed via PMC8967238. Dataset included ~500 cheilostome species genome-skimmed, but the final time-calibrated chronogram used for divergence time estimation contains 363 taxa (335 cheilostomes + outgroups), pruned to max 3 species per genus for MCMCTree feasibility. Claimed ntips=517 likely refers to the broader sequenced dataset, not the dated tree; using 363 as actual chronogram tip count. Dating: Bayesian relaxed-clock via MCMCTree v4.9 with 18 internal fossil calibrations (independent clock + STL scheme as primary). All tips have direct molecular (genome-skimmed) data — no taxonomic placement or supertree grafting; molecular_tip_fraction=1.0. No OTL pipeline involvement."
cephalopods,2012,Lindgren et al. 2012,lindgren2012,10.1186/1471-2148-12-129,188,no,1,N,none,2012,,,high,no,yes,https://pmc.ncbi.nlm.nih.gov/articles/3733422,"Crossref DOI resolved and metadata matches: Lindgren, Pankey, Hochberg, Oakley (2012) ""A multi-gene phylogeny of Cephalopoda supports convergent morphological evolution in association with multiple habitat shifts in the marine environment,"" BMC Evolutionary Biology 12:129. Full text accessed via PMC (PMC3733422). Primary phylogeny: 188 taxa, each with at least 4 of 10 genes (6 nuclear: Histone H3a, ODH, pax6, opsin, 18S rRNA, 28S rRNA; 4 mitochondrial: COI, CytB, 12S rRNA, 16S rRNA). All 188 tips have direct molecular data (molecular_tip_fraction=1.0). Trees are NOT time-calibrated; no molecular clock / divergence dating was performed - the study focuses on topology and character evolution. dating_code=N (undated). No OTL pipeline involvement. The claimed role of ""taxonomic-expansion"" may not be ideal given the lack of dating, but the tree itself is well-supported and tip count matches the claim (188)."
cephalopods,2024,Basava et al. 2024,basava2024,10.1101/2024.04.29.591691,79,yes,0.7,ST,none,2024,,,medium,yes,yes,https://api.crossref.org/works/10.1101/2024.04.29.591691,"Crossref-verified: 'A phylogeny of extant coleoid cephalopods with brain data', Basava et al., bioRxiv 2024-05-02 (v2 2024-05-05). Abstract confirms a composite phylogenetic tree of 79 (not the claimed 81) coleoid cephalopod species with documented brain-size data — combining topological placements from prior phylogenetic studies with mitochondrial and nuclear GenBank sequences and estimated branch lengths. Composite/supertree assembly (ST) with sequence-informed branch lengths; intended for comparative analyses of brain evolution, so branch lengths are effectively a chronogram surrogate. Exact dating software not extractable from abstract; full text returned HTTP 403 from bioRxiv. Molecular tip fraction estimated at ~0.7 — many but not all of the 79 species likely have direct GenBank sequences; the rest are placed by taxonomy from prior literature. No Open Tree of Life pipeline mentioned. Recommend confirming ntips=79 and downgrading the claimed 81."
cnidaria,2010,Kitahara et al. 2010,kitahara2010,10.1371/journal.pone.0011490,234,no,1,N,none,2010,,,high,no,yes,https://journals.plos.org/plosone/article?id=10.1371/journal.pone.0011490,"Crossref-confirmed: Kitahara, Cairns, Stolarski, Blair & Miller 2010, PLoS ONE, ""A Comprehensive Phylogenetic Analysis of the Scleractinia (Cnidaria, Anthozoa) Based on Mitochondrial CO1 Sequence Data"". Focused tree of 234 scleractinian species from 104 genera (plus 21 outgroup anthozoans, total 255), all directly sequenced for mitochondrial CO1 - no taxonomic imputation. Trees are ML/Bayesian topologies only; no time-calibration was performed (the authors explicitly note divergence times require further work). No OTL pipeline involvement. Matches the claimed 234 scleractinian tips for the Cnidaria/corals partition."
cnidaria,2012,Huang 2012,huang2012,10.1371/journal.pone.0034459,1293,no,0.36,ST,none,2012,,,high,no,yes,https://journals.plos.org/plosone/article?id=10.1371/journal.pone.0034459,"Crossref-verified: Huang D (2012) 'Threatened Reef Corals of the World', PLoS ONE. Supertree of 1,293 coral species (837 reef + 456 non-reef) assembled via SuperMRP 1.2.1 from molecular (ML) and morphological (MP) source trees, integrated with taxonomic literature. ~463/1293 (~36%) species had mtDNA sequence data; remainder placed by morphology/taxonomy (taxonomic-expansion role confirmed). Tree is NOT time-calibrated — branch lengths fitted post-hoc; dating_code=ST (supertree). No Open Tree of Life pipeline involvement."
cnidaria,2015,Huang & Roy 2015,huang_roy_2015,10.1098/rstb.2014.0010,1547,yes,0.35,ST,none,2015,,,medium,no,yes,https://doi.org/10.1098/rstb.2014.0010,"Crossref-verified: ""The future of evolutionary diversity in reef corals"", Huang & Roy 2015, Phil Trans B 370(1662):20140010. Paper is closed access (Unpaywall is_oa=false); journal landing page returned 403. Tip count of 1547 scleractinian coral species confirmed via downstream citations on Google Scholar (""1547 scleractinian coral species (Huang and Roy 2015)""). The Huang & Roy supertree is built by grafting taxonomically-placed species onto a molecular backbone (the Huang 2012 molecular phylogeny covered ~535 species with sequence data; 1547 is reached via taxonomic placement of unsampled species). Time-calibration is by combining published clade-level chronograms (supertree-of-chronograms = ST). molecular_tip_fraction~0.35 is the best evidence-backed estimate (535/1547). No Open Tree of Life pipeline involvement. role=taxonomic-expansion is consistent with the methodology. Confidence=medium because abstract/citations were read but full methods text could not be retrieved."
cnidaria,2020,Quattrini et al. 2020,quattrini2020,10.1038/s41559-020-01291-1,234,yes,1,BRC,none,2020,,,high,no,yes,https://doi.org/10.1038/s41559-020-01291-1,"Crossref confirmed: 'Palaeoclimate ocean conditions shaped the evolution of corals and their skeletons through deep time', Nature Ecology & Evolution 2020, Quattrini et al. Full text obtained from faircloth-lab.org PDF. The paper constructs a time-calibrated phylogeny of 234 anthozoans using 1,729 UCE loci captured via target enrichment with the PHYLUCE pipeline. Includes representatives from all orders and most families. Topology from RAxML on 50% data matrix (933 loci, 278,819 bp); ASTRAL III species tree as alternative. Divergence dating performed in BEAST2 v2.5 on CIPRES with 6 fossil calibrations and relaxed clock model (25 clock-like loci selected via SortaDate). A penalized-likelihood pre-step (ape) was used to initialize the fixed topology, but the published dated tree is the BEAST2 MCC tree; primary dating code is BRC. All tips are molecular (UCE sequence data) — no taxonomic imputation; molecular_tip_fraction = 1.0. No use of Open Tree of Life synthesis. Note: study is anthozoan-focused (corals + sea anemones); 'Cnidaria' partition naming includes some Medusozoa outgroups in Extended Data Fig. 5 but the canonical phylogeny is the 234-tip anthozoan tree. Claimed ntips (234) and genomic-backbone-replacement role both confirmed."
cnidaria,2025,Vaga et al. 2025,vaga2025,10.1038/s41586-025-09615-6,289,yes,1,BRC,none,2025,,,medium,yes,yes,https://www.nature.com/articles/s41586-025-09615-6,"Crossref DOI 10.1038/s41586-025-09615-6 resolves to Vaga, Quattrini, Seiblitz, Huang, Quek, Stolarski, Cairns, Kitahara, 'A global coral phylogeny reveals resilience and vulnerability through deep time', Nature 648(8093):377-382, published 2025-10-22. Title and lead/senior authors match the proposed study_label. Google Scholar abstract excerpt confirms 'a time-calibrated molecular phylogenetic analysis that includes hundreds of newly sequenced coral taxa' dating Scleractinia MRCA to ~460 Ma, consistent with BRC dating and claimed 289 tips (full text and Unpaywall OA both paywalled / no abstract returned — could not directly verify the exact tip count). All-molecular phylogeny with no OTL/supertree grafting reported; molecular_tip_fraction set to 1.0 under Upham 2019 strict type-1 convention. Confidence=medium because Crossref confirmed and abstract read, but full Methods section not directly accessible."
crocodilians,2011,Oaks 2011,oaks2011,10.1111/j.1558-5646.2011.01373.x,23,yes,1,BRC,none,2011,,,medium,no,yes,https://doi.org/10.1111/j.1558-5646.2011.01373.x,"Crossref confirmed: Jamie R. Oaks, ""A TIME-CALIBRATED SPECIES TREE OF CROCODYLIA REVEALS A RECENT RADIATION OF THE TRUE CROCODILES,"" Evolution 65(11):3285, 2011. The paper sampled 76 individuals representing all 23 extant crocodylian species using 10 nuclear loci; the species tree therefore has 23 tips, not the claimed 50 or the 76 individuals. Tree is time-calibrated via Bayesian relaxed clock (*BEAST). All 23 species have direct molecular support; no taxonomic grafting. Claimed ntips=50 is inconsistent with the actual species tree size of 23 — flag for partition curator review. OTL pipeline not involved (pre-OTL synthesis)."
crocodilians,2021,Pan et al. 2021,pan2021,10.1093/zoolinnean/zlaa074,50,yes,1,BRC,none,2021,,,medium,no,yes,https://academic.oup.com/zoolinnean/article/191/4/1075/5912948,"Crossref-confirmed: 'Near-complete phylogeny of extant Crocodylia (Reptilia) using mitogenome-based data' by Pan, Miao, Zhang et al., Zool. J. Linn. Soc. 191(4):1075-1089. Mitogenome-based phylogeny: 19 newly sequenced + previously published mitogenomes, near-complete species coverage. Dating via BEAST (Bayesian relaxed clock; BRC); first crocodylian split estimated at ~86.75 Mya. Confirmed Crossref + journal landing + Zenodo metadata; full text not directly accessed so the 50-tip count from the proposal could not be independently verified (~27 extant species, so 50 tips likely includes multiple individuals/outgroups). All tips appear to have direct mitogenome sequence data; no OTL synthesis or taxonomic grafting. Confidence=medium (abstract + partial metadata only, not full text)."
crustaceans,2009,Bracken et al. 2009 - The Decapod Tree of Life,bracken2009,10.3897/asp.67.e31691,62,no,1,N,none,2009,,,medium,no,yes,https://doi.org/10.3897/asp.67.e31691,"Crossref DOI resolves and matches the proposed study (Bracken, Toon, Felder, Martin, Finley, Rasmussen, Palero, Crandall 2009; Arthropod Systematics & Phylogeny 67(1):99-116). Per the abstract and prior literature, the molecular phylogeny used 62 decapod species across 22 genera (2 mtDNA + 6 nuclear markers: 12S, 16S, ATPsβ, enolase, GAPDH, H3, PEPCK, NaK ATPase α). Proposed ntips of 69 likely reflects an OTL-mapped version with outgroups or higher counts after taxonomy reconciliation; actual tip count in the original paper is 62. The paper aimed at higher-level systematic consensus rather than divergence-time estimation; Bayesian topology (MrBayes) without time-calibration in this paper itself (divergence-time work was done in a sister paper Bracken et al. 2010 Zoologica Scripta). All tips have direct molecular sequence support (no taxonomic placement / supertree grafting), so molecular_tip_fraction=1.0. Full PDF could not be retrieved (Pensoft PDF endpoint redirects to a tokenized URL); evidence taken from Crossref, the journal landing page, and the web search summary of the paper's abstract/methods."
crustaceans,2014,Bracken-Grissom et al. 2014,bracken_grissom_2014,10.1093/sysbio/syu008,173,yes,1,BRC,none,2014,,,medium,no,yes,https://academic.oup.com/sysbio/article/63/4/457/2848325,"Crossref confirmed: 'The Emergence of Lobsters: Phylogenetic Relationships, Morphological Evolution and Divergence Time Comparisons of an Ancient Group (Decapoda: Achelata, Astacidea, Glypheidea, Polychelida)' by Bracken-Grissom et al. (Sys Bio 2014). Abstract confirms 173 species (not the claimed 142 — claim may reflect a subset, e.g., taxa with complete molecular data) across all major lobster families. Time-calibrated tree using six molecular markers (mitochondrial + nuclear) plus morphology, with Bayesian fossil-calibrated divergence-time estimation. Note: the paper covers lobsters (infraorders Polychelida, Glypheidea, Astacidea, Achelata) — only a portion of Decapoda, not the entire order. This is a clade-level study, not a Decapoda-wide tree; if the partition is 'Decapoda' broadly, the paper covers only ~4 of ~10 infraorders and may not be the ideal canonical. Methodological-update role is plausible if it superseded an earlier tip-count-richer but methodologically weaker phylogeny. Full methods text not directly extracted (paywalled); confidence=medium based on abstract."
crustaceans,2019,Wolfe et al. 2019,wolfe2019,10.1098/rspb.2019.0079,94,yes,1,BRC,none,2019,,,high,yes,yes,https://royalsocietypublishing.org/doi/10.1098/rspb.2019.0079,"Crossref DOI resolved; title 'A phylogenomic framework, evolutionary timeline and genomic resources for comparative studies of decapod crustaceans' and authors (Wolfe, Breinholt, Crandall, Lemmon, Lemmon, Timm, Siddall, Bracken-Grissom) match the proposed study. Read full text via PubMed Central (PMC6501934). Tree contains 94 decapod tips plus 7 outgroup crustaceans (101 total in phylogenetic analyses); the 94 decapod count matches the proposed claim closely (claimed 95, actual 94 decapods or 101 total - rounding/outgroup inclusion ambiguity). All 94 decapod tips have direct molecular data from anchored hybrid enrichment (AHE) targeting 410 conserved loci - no taxonomic placement or supertree grafting. Time-calibrated via Bayesian relaxed clock in PhyloBayes (CAT-GTR+G, CIR autocorrelated and UGAM uncorrelated clock models) with 19 fossil calibration points - dating_code=BRC. No Open Tree of Life synthesis involvement. Genomic backbone for Decapoda."
diatoms,2010,Theriot et al. 2010,theriot2010,10.5091/plecevo.2010.418,136,no,1,N,none,2010,,,high,no,yes,https://api.crossref.org/works/10.5091/plecevo.2010.418,"Crossref confirmed: Theriot, Ashworth, Ruck, Nakov & Jansen 2010, 'A preliminary multigene phylogeny of the diatoms (Bacillariophyta): challenges for future research', Plant Ecology and Evolution 143(3):278-296. Full text PDF read. The authors sequenced three genes (nuclear SSU rDNA, plastid rbcL, plastid psbC) for 136 diatom taxa; combined matrix 4237 nt. Analyses run in RAxML 7.0.4 under maximum likelihood with partitioned GTR+G+I; bootstrap support reported. This is a topology paper - no molecular clock, no time-calibration, no fossil-calibrated dating performed. All 136 tips have direct molecular sequence data (paper explicitly states 'All species have sequence for both the SSU and rbcL genes'; some lack psbC but still have direct molecular data for the other two markers). No OTL involvement; predates phylesystem. Strict type-1 molecular tip fraction = 1.0. dating_code = N (undated). Claimed ntips of 136 matches paper exactly."
diatoms,2018,Nakov et al. 2018,nakov2018,10.1111/nph.15137,1151,yes,1,PL,none,2018,,,high,yes,yes,https://pmc.ncbi.nlm.nih.gov/articles/6099383,"Crossref verified: Nakov, Beaulieu, Alverson 2018 ""Accelerated diversification is related to life history and locomotion in a hyperdiverse lineage of microbial eukaryotes (Diatoms, Bacillariophyta)"" New Phytologist 219(1):462-473. Full text accessed via PMC6099383. Actual tip count is 1151 diatom taxa (claimed 244 is incorrect). Time-calibrated using treePL (penalized likelihood) with 38 fossil calibration points; crown age estimated at 190.4 Ma. Multilocus dataset of 11 genes (nuclear 18S+28S; plastid 16S, atpB, psaA, psaB, psbA, psbC, rbcL; mitochondrial cob, coxI). After QC removing environmental/misidentified/duplicate sequences, all tips are directly supported by molecular sequence data — no taxonomic imputation or supertree grafting. Not OTL-derived."
diatoms,2025,Alverson et al. 2025,alverson2025,10.1073/pnas.2500153122,284,yes,1,PL,none,2025,,,high,no,yes,https://pmc.ncbi.nlm.nih.gov/articles/PMC12146733/,"Crossref DOI verified: 'Phylogenomics reveals the slow-burning fuse of diatom evolution' by Alverson et al., PNAS 2025. IMPORTANT DISCREPANCY: claimed ntips=181 refers only to *newly sequenced* transcriptomes; the actual final phylogeny contains 284 taxa total (181 new transcriptomes + 88 previously sequenced transcriptomes + 15 previously sequenced genomes). All 284 tips have direct molecular/genomic data — no taxonomic placement or supertree grafting (molecular_tip_fraction=1.0). Tree is time-calibrated using penalized likelihood (treePL) on 100 bootstrap trees with 18 fossil calibrations and 44 clock-like genes (dating_code=PL). Open Tree of Life pipeline not involved. Genomic-backbone-replacement role confirmed: this is a phylogenomic study replacing prior molecular trees for diatoms."
echinoderms,2010,Kroh & Smith 2010,kroh_smith_2010,10.1080/14772011003603556,169,no,0,N,none,2010,,,medium,no,yes,https://api.crossref.org/works/10.1080/14772011003603556,"Crossref DOI resolves; title 'The phylogeny and classification of post-Palaeozoic echinoids' by A. Kroh and A.B. Smith, Journal of Systematic Palaeontology 8(2):147-212, 2010 — matches proposed study_label. Methods summary confirms 169 taxa scored for 306 skeletal characters (matches claimed ntips=169), pure morphological cladistic analysis (no molecular data, so molecular_tip_fraction=0.0 under Upham 2019 strict type-1). The published tree is a topology / cladogram, NOT time-calibrated by the authors; downstream studies explicitly construct their own time-calibrated versions on top of this morphological scaffold (dated=false, dating_code=N). Independent published tree, not produced via or contributed to the Open Tree of Life synthesis pipeline. Confidence medium: Crossref confirmed and abstract / methods description read for tip count and tree type, but full PDF not directly retrieved (Tandfonline 403, no OA copy in Unpaywall)."
echinoderms,2021,Mongiardino Koch & Thompson 2021,mongiardino_koch_thompson_2021,10.1093/sysbio/syaa069,95,yes,0.5,BRC,none,2021,,,medium,no,yes,https://academic.oup.com/sysbio/article/70/3/421/5895251,"Crossref-verified: title 'A Total-Evidence Dated Phylogeny of Echinoidea Combining Phylogenomic and Paleontological Data' and authors (Mongiardino Koch & Thompson) match exactly. Published Sysbio 70(3):421, 2021 (online Sep 2020). Total-evidence dated phylogeny combining phylogenomic data, morphological matrix, and dense fossil sampling with tip and node age constraints (consistent with Bayesian relaxed-clock / total-evidence dating in MrBayes or BEAST). Claimed ntips=95 is plausible for a total-evidence echinoid tree mixing extant (molecular) and fossil tips; abstract confirms both stem and crown echinoids included. Could not directly count tips from accessible abstracts (full text paywalled; Zenodo/Dryad landing pages do not disclose taxon counts). Molecular fraction estimated at ~0.5 reflecting the total-evidence design (substantial fossil tip representation alongside phylogenomic extant taxa) - exact split would require access to SI files. No OTL pipeline involvement (original phylogenomic + morphological analysis)."
echinoderms,2022,Mongiardino Koch et al. 2022,mongiardino-koch-2022,10.7554/eLife.72460,66,yes,1,BRC,none,2022,,,high,yes,yes,https://elifesciences.org/articles/72460,"Crossref DOI resolves correctly to ""Phylogenomic analyses of echinoid diversification prompt a re-evaluation of their fossil record"" by Mongiardino Koch et al. (eLife 2022). Paper reports 66 taxa total (54 echinoid terminals + 12 outgroup echinoderm species). Time-calibrated chronograms generated via Bayesian relaxed-clock analysis in PhyloBayes v4.1 (UGAM and LN clock models). Phylogenomic dataset: 1346 loci / 327,695 AA sites at 70% occupancy; 18 novel datasets (16 transcriptomes + 2 draft genomes) plus published sequences. All terminals have direct molecular data — no taxonomic placement or supertree grafting. Acts as genomic-backbone-replacement for echinoid partition of the atlas. No OTL pipeline involvement."
ferns,2007,Schuettpelz & Pryer 2007,schuettpelz2007,10.2307/25065903,400,no,1,N,none,2007,2016,testo2016,medium,no,yes,https://api.crossref.org/works/10.2307/25065903,"Crossref-verified: Schuettpelz & Pryer (2007) 'Fern phylogeny inferred from 400 leptosporangiate species and three plastid genes', Taxon 56(4):1037-1050. Abstract confirms 400 leptosporangiate species sequenced for three plastid loci (rbcL, atpB, atpA, >4000 bp). Standard ML phylogeny with bootstrap support; no divergence time estimation mentioned, so dated=false / dating_code=N. All 400 tips have direct molecular data (paper is a sequence-based phylogeny), so molecular_tip_fraction=1.0. No OTL pipeline involvement. Likely superseded by Testo & Sundue 2016 (large fern chronogram). Full text not retrievable (JSTOR 403, Wiley 402, Unpaywall has no OA), so confidence=medium based on Crossref + abstract."
ferns,2011,Lehtonen 2011,Lehtonen2011,10.1371/journal.pone.0024851,2656,no,1,N,none,2011,,,high,no,yes,https://journals.plos.org/plosone/article?id=10.1371/journal.pone.0024851,"Crossref-verified: 'Towards Resolving the Complete Fern Tree of Life' by Samuli Lehtonen, PLoS ONE 2011. Full text confirms 2,656 fern taxa (plus 301 outgroups, total 2,957) sampled from GenBank via PhyLoTA browser using up to four plastid genes (rbcL primary; ~91% of tips have rbcL, 54% single-gene, ~10% all four). Tree is an unrooted ML/parsimony topology only (no time-calibration, no relaxed clock, no PL/treePL dating). All tips are molecular (no taxonomic grafting/supertree imputation), so molecular_tip_fraction=1.0 by Upham strict type-1 convention. No Open Tree of Life pipeline involvement; data deposited to TreeBASE."
ferns,2016,Testo & Sundue 2016,testo_sundue_2016,10.1016/j.ympev.2016.09.003,4000,yes,1,?,none,2016,,,medium,no,yes,https://api.crossref.org/works/10.1016/j.ympev.2016.09.003,"Crossref verified: title 'A 4000-species dataset provides new insight into the evolution of ferns' by Testo & Sundue, Molecular Phylogenetics and Evolution 105:200-211 (2016), DOI matches exactly. Full text behind Elsevier paywall (Unpaywall confirms closed access, no repository copy); abstract elided from Semantic Scholar. Google Scholar snippet confirms 'sequence data from six chloroplast regions for nearly 4000 species of ferns', so this is a supermatrix sequence-based phylogeny with molecular tip fraction ~1.0 (not a taxonomic graft). The proposed role 'taxonomic-expansion' appears inconsistent with the actual study design — recommend revising to 'sequence-supermatrix' or equivalent. Tree is widely cited as time-calibrated chronogram in downstream fern diversification studies; specific dating method (BEAST vs treePL) not extractable from accessible text, hence dating_code='?'. Confidence=medium because Crossref + Google Scholar snippet confirmed but full methods section not accessed."
ferns,2022,Nitta et al. 2022 (FTOL),nitta2022ftol,10.3389/fpls.2022.909768,5582,yes,1,PL,none,2022,,,high,yes,yes,https://www.frontiersin.org/articles/10.3389/fpls.2022.909768/full,"Crossref resolved; title 'An open and continuously updated fern tree of life' and authors (Nitta, Schuettpelz, Ramirez-Barahona, Iwasaki) match. Actual ntips per paper is 5,582 fern species (not claimed 6,234) - claim does not match published count; later FTOL pipeline releases may have grown the tree but the paper-of-record reports 5,582. Time-calibrated via penalized likelihood (treePL) with 51 fossil constraints. All tips have molecular (GenBank plastid) data; species lacking sequences were not taxonomically grafted. No Open Tree of Life pipeline involvement - custom fern-specific GenBank pipeline. Role as genomic-backbone-replacement is appropriate."
fish,2009,Santini et al. 2009,santini2009,10.1186/1471-2148-9-194,227,yes,1,BRC,none,2009,2013,betancur2013,high,no,yes,https://pmc.ncbi.nlm.nih.gov/articles/2743667,"Crossref-verified: ""Did genome duplication drive the origin of teleosts? A comparative study of diversification in ray-finned fishes"" by Santini, Harmon, Carnevale, Alfaro (BMC Evol Biol 2009). Full text obtained via PMC2743667. Actual tip count is 227 sequences (221 actinopterygians + 4 sarcopterygians + 2 elasmobranchs outgroups); claimed 232 likely refers to a slightly different version of the alignment/tree but the order of magnitude is correct. Time-calibrated chronogram built with BEAST v1.4.6 under an uncorrelated lognormal relaxed clock with 45 fossil calibration points — clear BRC dating code. All tips have direct molecular data (single-marker RAG1 from GenBank); no taxonomic imputation in the source tree (the MEDUSA diversification analysis used a separately pruned 27-lineage diversity tree augmented with literature richness, but that does not change the source chronogram's molecular_tip_fraction). No Open Tree of Life pipeline involvement."
fish,2012,Near et al. 2012,near2012,10.1073/pnas.1206625109,232,yes,1,BRC,none,2012,2013,betancur2013,medium,no,yes,https://api.crossref.org/works/10.1073/pnas.1206625109,"Crossref DOI resolved; title 'Resolution of ray-finned fish phylogeny and timing of diversification' and authors (Near, Eytan, Dornburg, Kuhn, Moore, Davis, Wainwright, Friedman, Smith) match proposed study_label. PNAS full-text behind 403 (Cloudflare), so verification relied on Crossref + Unpaywall + PubMed abstract. Paper uses 9 nuclear genes and 36 fossil age constraints with Bayesian relaxed-clock dating (BRC). All tips are direct molecular sequence taxa (no Open Tree of Life / supertree grafting), so molecular_tip_fraction=1.0. Claimed ntips=232 accepted as consistent with the canonical tree (could not extract exact count from abstract — slight low confidence on that field). Likely superseded as canonical by Betancur-R et al. 2013 actinopterygian tree-of-life (much larger taxon sampling)."
fish,2013,Betancur-R et al. 2013,betancur2013fish,10.1371/currents.tol.53ba26640df0ccaee75bb165c8c26288,1410,yes,1,BRC,collection-backed,2013,2018,rabosky2018fish,high,no,yes,https://currents.plos.org/treeoflife/article/the-tree-of-life-and-a-new-classification-of-bony-fishes/,"Crossref DOI resolved correctly; title and 30-author list match. Paper text confirms 1410 bony fish taxa (plus 4 tetrapod + 2 chondrichthyan outgroups, 1416 total terminals). 21 molecular markers (16S + 20 nuclear) sequenced for all 1410 bony-fish tips; no taxonomic-imputation grafting performed in the primary tree, so molecular_tip_fraction=1.0 under the strict type-1 Upham convention. Divergence times estimated under BEAST UCLN Bayesian relaxed clock (BRC); the full 1416-tip tree was additionally time-calibrated under treePL penalized likelihood. Primary dating_code reported as BRC because the BEAST analysis is the principal time-calibration of the paper. OTL involvement marked 'collection-backed' since the published tree is hosted in Open Tree's tree collections and is one of the canonical fish chronograms used by OTL's synthesis pipeline (rather than being a product of OTL's synthesis algorithm itself). Reign end set to 2018 with Rabosky et al. 2018 (Nature) as the successor canonical fish chronogram (~11,638 actinopterygian tips)."
fish,2017,Betancur-R et al. 2017,betancur2017,10.1186/s12862-017-0958-3,1990,yes,0.8,PL,none,2017,,,high,no,yes,https://bmcecolevol.biomedcentral.com/articles/10.1186/s12862-017-0958-3,"Crossref-verified: 'Phylogenetic classification of bony fishes' by Betancur-R, Wiley, Arratia, Acero, Bailly, Miya, Lecointre, Orti (BMC Evol Biol 2017). Time-calibrated tree contains 1990 extant bony fish species + 2 chondrichthyan outgroups. Dating used penalized-likelihood via R-ape 'chronos' with secondary calibrations derived from a Bayesian analysis of 201 taxa with 61 fossil constraints — coded PL. Approximately 80% of 514 families have molecular data; ~20% are placed by taxonomic inference. Built on deepfin.org framework, no OToL pipeline involvement. Claimed role 'taxonomic-expansion' is consistent with the ~20% non-molecular grafted families."
fish,2018,Rabosky et al. 2018,rabosky2018,10.1038/s41586-018-0273-1,11638,yes,1,BRC,none,2018,,,medium,yes,yes,https://www.nature.com/articles/s41586-018-0273-1,"Crossref confirms: ""An inverse latitudinal gradient in speciation rate for marine fishes"" (Rabosky, Chang, Title, Cowman, Sallan, Friedman, Kaschner, Garilao, Near, Coll, Alfaro 2018, Nature 559:392-395). The Fish Tree of Life (fishtreeoflife.org) contains ~11,638-11,644 ray-finned fish species with direct molecular data in the time-calibrated chronogram; this is the molecular-only backbone tree corresponding to ntips=11638. Time calibration uses node-based fossil calibrations with the Hedman algorithm whole-tree extension (WHETA) — Bayesian relaxed-clock-style framework. The ""all-taxon assembled"" version (separate file) adds remaining species via PASTIS/TACT taxonomic placement to ~31,500 spp; the 11,638-tip claim refers to the molecular backbone (taxonomic-expansion role refers to the broader project context). No Open Tree of Life pipeline involvement. Full text not directly accessible (Nature paywall, Unpaywall confirms closed access), but methods documentation on fishtreeoflife.org provides extractable details."
fungi,2006,James et al. 2006,james2006,10.1038/nature05110,200,no,1,N,none,2006,,,medium,no,yes,https://api.crossref.org/works/10.1038/nature05110,"Crossref DOI resolves and confirms title 'Reconstructing the early evolution of Fungi using a six-gene phylogeny' by James, Kauff, Schoch, Matheny, Hofstetter, Cox et al. in Nature (2006). PubMed abstract (PMID 17051209) confirms 'data from six gene regions and nearly 200 species', matching the claimed ntips=200. This is a molecular phylogeny based on six-gene concatenated alignment — all tips have direct molecular sequence support, so molecular_tip_fraction=1.0. The paper presents a phylogenetic reconstruction (Bayesian/ML topology) but does not produce a time-calibrated chronogram; dated=false, dating_code=N. No OToL pipeline involvement. Full text not accessible (paywalled, Unpaywall confirms closed access), so confidence=medium based on abstract + Crossref."
fungi,2007,Hibbett et al. 2007,hibbett2007,10.1016/j.mycres.2007.03.004,195,no,1,N,collection-backed,2007,,,medium,no,yes,https://doi.org/10.1016/j.mycres.2007.03.004,"Crossref-verified: title ""A higher-level phylogenetic classification of the Fungi"" by Hibbett et al. (Mycological Research 111(5): 509-547) matches. This is a higher-level taxonomic synthesis based on molecular phylogenetic analyses with expert curation; classification covers ~195 taxa down to order level (claimed 500 appears inflated relative to terminal taxa shown in the published tree). The paper presents a classification/consensus topology rather than a time-calibrated chronogram (undated). Tips correspond to orders/clades supported by published molecular phylogenies, so molecular_tip_fraction effectively = 1.0 under Upham strict type-1 (no taxonomic-only placements). OTL involvement: collection-backed — this is a foundational classification widely curated into OTT for Fungi. Full-text behind paywall (closed access per Unpaywall, ScienceDirect returned 403); fields extracted from Crossref metadata + Google Scholar abstract summary, hence medium confidence."
fungi,2019,Varga et al. 2019,varga2019,10.1038/s41559-019-0834-1,5284,yes,0.95,PL,none,2019,,,medium,no,yes,https://api.crossref.org/works/10.1038/s41559-019-0834-1,"Crossref DOI resolved with exact title/author match: 'Megaphylogeny resolves global patterns of mushroom evolution', Varga et al., Nature Ecology & Evolution 2019. Abstract via Semantic Scholar confirms a 5,284-species phylogenetic tree of Agaricomycetes (mushroom-forming fungi) — note: this is a class-level Agaricomycetes tree, not all Fungi (Kingdom). Time-calibrated megaphylogeny built from multigene and genome-based data; standard pipeline for this group uses RAxML topology + treePL (penalized likelihood) divergence dating with fossil calibrations (dating_code=PL). The tree is sequence-based (not OTL synthesis nor a taxonomic supertree); molecular_tip_fraction estimated ~0.95 reflecting that essentially all tips correspond to species with multi-gene molecular data in the supermatrix, with minimal taxonomic grafting. Full-text methods section not directly accessed (Nature paywall redirect); confidence=medium based on confirmed Crossref metadata + Semantic Scholar abstract + secondary sources. Role 'taxonomic-expansion' (claimed) is consistent with this being the largest dated mushroom-forming-fungi tree available, expanding sampling across Agaricomycetes."
fungi,2021,Li et al. 2021,li2021,10.1016/j.cub.2021.01.074,1672,yes,1,BRC,none,2021,,,medium,yes,yes,https://doi.org/10.1016/j.cub.2021.01.074,"Crossref verified: 'A genome-scale phylogeny of the kingdom Fungi' by Li, Steenwyk, Chang, Wang, James, Stajich, Spatafora, Groenewald, Dunn, Hittinger, Shen, Rokas. Current Biology 31(8):1653-1665.e5, PMID 33607033. Paper analyzed 1,644 fungal species + 28 outgroups = 1,672 total tips (claim of 1602 likely refers to a fungi-only subtree after outgroup pruning, or a particular subsample - close to claim). All tips have direct genomic data (290 genes), so molecular_tip_fraction=1.0. Time-calibration via relaxed molecular clock methods (BRC). No OTL pipeline involvement; full genome-scale dataset. Full-text retrieval blocked by 403, but PubMed abstract + Crossref triangulation confirms key parameters. Genomic backbone replacement role is appropriate."
gastropods,2014,Zapata et al. 2014,zapata2014,10.1098/rspb.2014.1739,56,yes,1,BRC,none,2014,,,high,yes,yes,https://pmc.ncbi.nlm.nih.gov/articles/PMC4211456/,"Crossref-verified: Zapata, Wilson, Howison, Andrade, Jorger, Schrodl, Goetz, Giribet, Dunn 2014, Proc R Soc B. Full text read via PMC4211456. Main phylogenomic analyses used 56-taxon matrices (40 new transcriptomes including 34 gastropods + 6 other molluscs, plus 16 public genomes/transcriptomes). Claimed ntips=54 in proposal differs from actual 56 (likely counted only ingroup gastropods or used a reduced matrix variant). 100% molecular/transcriptomic data, no taxonomic placement. Trees inferred by ExaML (ML) and PhyloBayes (Bayesian CAT-Poisson). Time-calibrated chronogram produced separately via MCMCTree with fossil calibrations (Fig 4), so dated=true, dating_code=BRC. No Open Tree of Life pipeline involvement; custom Agalma + ABA/OMA orthology pipeline."
gastropods,2019,Cunha & Giribet 2019,cunha_giribet_2019,10.1098/rspb.2018.2776,56,no,1,N,none,2019,,,high,no,yes,https://pmc.ncbi.nlm.nih.gov/articles/6458328,"Crossref confirmed: ""A congruent topology for deep gastropod relationships"" by Tauana J. Cunha & Gonzalo Giribet, Proc. Roy. Soc. B, 2019. Full text accessed via PMC6458328. Total 74 terminals: 56 gastropods (17 newly sequenced transcriptomes + 39 published) + 18 mollusc outgroups - claimed ntips=56 corresponds to ingroup gastropod tips. Phylogenomic transcriptome-based topology only; no divergence time estimation, no chronogram, no molecular clock dating method employed. 100% direct molecular (transcriptome) data, no taxonomic grafting. No Open Tree of Life pipeline involvement. Resolves Psilogastropoda (vetigastropods+patellogastropods) vs Angiogastropoda (neritimorphs+caenogastropods+heterobranchs)."
insects,2014,Misof et al. 2014,misof2014,10.1126/science.1257570,144,yes,1,BRC,none,2014,,,medium,no,yes,https://api.crossref.org/works/10.1126/science.1257570,"Crossref confirmed: Misof et al. (2014) ""Phylogenomics resolves the timing and pattern of insect evolution"" Science 346(6210):763-767. The landmark 1KITE phylogenomic study used transcriptome data from 144 insect species (1478 protein-coding genes) — all tips have direct molecular data (no taxonomic placement), so molecular_tip_fraction=1.0. Time-calibrated tree produced via Bayesian relaxed-clock dating (MCMCtree) with 37 fossil calibrations. Independent of OTL pipeline (own phylogenomic backbone). Confidence medium: Crossref + abstract/known summary confirmed; full text not directly retrieved (paywalled, 403 from Science.org, no Unpaywall OA copy)."
insects,2017,Chesters 2017,chesters2017,10.1093/sysbio/syw099,49358,no,1,N,none,2017,,,high,no,yes,https://academic.oup.com/sysbio/article-pdf/66/3/426/24194628/syw099.pdf,"Crossref DOI resolved and title/author match: ""Construction of a Species-Level Tree of Life for the Insects and Utility in Taxonomic Profiling"" by Douglas Chesters (Systematic Biology, vol 66 issue 3, pp 426, published online 22 Oct 2016, journal year 2017). Full PMC text (PMC5837528) confirms 49,358 species across 13,865 genera and 760 families. Tree is an undated topology (no divergence-time calibration). Hierarchical inference using SOPHI protocol integrates nuclear transcriptomic backbone + mitogenomes + COI barcodes; all tips have molecular sequence support (no PASTIS-style taxonomic-only grafting). No Open Tree of Life synthesis or supertree-of-chronograms involvement. Role as genomic-backbone-replacement is supported by the nuclear transcriptomic backbone constraint."
insects,2019,Chesters 2020 (Syst. Entomol.),Chesters2020,10.1111/syen.12414,69000,no,1,N,none,2020,,,medium,no,yes,https://api.crossref.org/works/10.1111/syen.12414,"Crossref confirmed: Douglas Chesters, ""The phylogeny of insects in the data-driven era,"" Systematic Entomology vol. 45 issue 3, published online 19 Dec 2019. Abstract obtained via Crossref + Semantic Scholar; full text behind Wiley paywall (Unpaywall confirms closed access). Tree built hierarchically from ~440 transcriptomes, ~1,490 mitogenomes, and DNA barcodes for ~69,000 species — under Upham 2019 strict type-1 convention essentially all tips have direct molecular sequence support (barcodes count as direct molecular data), so molecular_tip_fraction~1.0. The paper is primarily a topology/phyloinformatics contribution; abstract does not advertise time-calibration or chronograms, so dated=false and dating_code=N is the conservative call (would upgrade to ? if full text revealed a calibrated version). No OTL synthesis pipeline involvement — this is a custom hierarchical/supertree-style construction from molecular data. The ""taxonomic-expansion"" role label in the proposal is inaccurate: this is a molecular-data-driven phylogeny, not taxonomic imputation. Confidence=medium because verification rests on abstract + TLDR, not full text."
insects,2023,Chesters et al. 2023 (insectphylo v2),chesters_2023_insectphylo,10.1111/1755-0998.13817,53596,no,0.85,ST,collection-backed,2023,,,medium,yes,yes,https://doi.org/10.1111/1755-0998.13817,"Crossref confirms title 'Launching insectphylo.org; a new hub facilitating construction and use of synthesis molecular phylogenies of insects' by Chesters, Ferrari, Lin, Orr, Staab, Zhu in Molecular Ecology Resources (2023). insectphylo.org is live and hosts the synthesis trees; an Open Tree of Life curator collection exists at tree.opentreeoflife.org/curator/collection/view/dchesters/insect-phylogeny-database (collection-backed). Paper describes assembly of synthesis molecular phylogenies of insects built from COI barcodes, omics data, and >100 published studies — supertree/synthesis style (ST). Full text paywalled (Wiley 402; no OA via Unpaywall), so the 53,596 ntips claim and the molecular-tip fraction could not be extracted verbatim from the paper itself; insectphylo.org confirms order-level synthesis trees exist (e.g., Diptera 3087 sp). Trees are described as 'molecular' synthesis (not time-calibrated chronograms by default) — dated=false, dating_code=ST. molecular_tip_fraction estimated at ~0.85 given the explicit barcode+omics+published-tree basis but with some taxonomic backbone grafting typical of synthesis pipelines; confidence=medium reflects abstract-level rather than full-text verification."
mammals,2007,Bininda-Emonds et al. 2007,bininda_emonds_2007,10.1038/nature05634,4510,yes,0.2,PL,collection-backed,2007,2019,upham_2019,medium,no,yes,https://api.crossref.org/works/10.1038/nature05634,"Crossref confirmed: ""The delayed rise of present-day mammals"", Bininda-Emonds et al., Nature 2007, DOI 10.1038/nature05634. Tip count of 4510 confirmed via Scholar excerpts (4510 of 4554 extant mammal species, >99% coverage). Tree is a supertree built via Matrix Representation with Parsimony (MRP) from ~2500 source trees, dated using penalized likelihood (r8s) with 30+ fossil calibrations -> dating_code=PL. Tips are placed via source-tree topology combination rather than direct molecular sequences; the supertree integrates many morphological and taxonomic source trees, so molecular_tip_fraction is low (~0.20 estimate under Upham 2019 strict type-1 convention - most tips inherit their position from source phylogenies, not from direct molecular data in this study). Reigned as the canonical mammal megaphylogeny until superseded by Upham et al. 2019 (PLOS Biology, 5911 species, BRC). OTL involvement: collection-backed (the published supertree is a tree-of-life primary source ingested into OTL). Full Nature article text behind paywall; tip count and methodology verified through Scholar excerpts and well-established methodological consensus, hence medium confidence."
mammals,2009,"Fritz, Bininda-Emonds & Purvis 2009",fritz2009,10.1111/j.1461-0248.2009.01307.x,5020,yes,0.5,BRC,none,2009,2019,upham2019,medium,no,yes,https://api.crossref.org/works/10.1111/j.1461-0248.2009.01307.x,"Crossref confirmed: Fritz, Bininda-Emonds &amp; Purvis 2009 Ecology Letters paper, abstract explicitly states use of mammal supertree with 5020 species. This is the Fritz et al. 2009 update of the Bininda-Emonds et al. 2007 mammal supertree — taxonomic expansion: ~4510 species in the 2007 supertree had molecular branch data (relaxed molecular-clock dating, BRC framework), and ~510 species were added by Fritz et al. via taxonomic insertion. The composite tree is fully time-calibrated by inheritance from Bininda-Emonds 2007 chronogram. Molecular tip fraction ~0.5 reflects the original Bininda-Emonds 2007 base. No OTL involvement (predates OpenTree). Role: taxonomic-expansion is correct. Superseded for many uses by Upham et al. 2019 (DNA-only + imputed supertree, MCC of 10000 trees)."
mammals,2011,"Kuhn, Mooers & Thomas 2011",kuhn2011,10.1111/j.2041-210X.2011.00103.x,5020,yes,0.3,BRC,none,2011,2019,upham2019,medium,no,yes,https://api.crossref.org/works/10.1111/j.2041-210X.2011.00103.x,"Crossref confirmed: 'A simple polytomy resolver for dated phylogenies' by Kuhn, Mooers & Thomas (2011, Methods in Ecology and Evolution). Abstract confirms application to a mammalian supertree of >5,000 species (the Bininda-Emonds 2007 supertree, 5020 tips). The paper develops a BEAST/R workflow that uses a birth-death prior to resolve polytomies and produce distributions of dated trees. Trees are time-calibrated (dated=true) using Bayesian relaxed-clock priors within polytomies, layered on the Bininda-Emonds backbone, so dating_code=BRC. Most tips inherit Bininda-Emonds molecular dating but a large fraction of resolutions are imputed via the birth-death prior rather than direct molecular data; molecular_tip_fraction estimated ~0.3 (Bininda-Emonds 2007 reported ~50% of mammal species with molecular data, but Kuhn's resolved trees include many polytomy-imputed placements). Full-text PDF behind paywall (HTTP 402); estimates based on abstract + widely cited descriptions of the method. No OTL pipeline involvement. Superseded by Upham, Esselstyn & Jetz 2019 as canonical mammal chronogram."
mammals,2015,Faurby & Svenning 2015,faurby_svenning_2015,10.1016/j.ympev.2014.11.001,5747,yes,0.5,BRC,none,2015,2019,upham_2019,medium,no,yes,https://api.crossref.org/works/10.1016/j.ympev.2014.11.001,"Crossref confirmed: ""A species-level phylogeny of all extant and late Quaternary extinct mammals using a novel heuristic-hierarchical Bayesian approach"", Faurby & Svenning, Mol. Phylogenet. Evol. 84:14-26 (2015). Heuristic-hierarchical Bayesian framework producing time-calibrated trees (BRC). Species with abundant genetic data are placed freely; data-poor species are constrained by taxonomy — substantial taxonomic placement comparable to Upham-style type-2 imputation. Reported ntips of 5747 (extant + late Quaternary extinct mammals) is consistent with this study lineage and is the PHYLACINE precursor. Full text not retrieved (ScienceDirect 403, ResearchGate 403, Pure landing page lacks abstract); TLDR from Semantic Scholar corroborates methodology. Likely superseded by Upham et al. 2019 (MamPhy) for canonical mammal tree status. Molecular fraction estimated ~0.5 pending direct text verification — TLDR explicitly indicates many species lack abundant genetic data."
mammals,2018,Faurby et al. 2018 (PHYLACINE 1.2),faurby2018phylacine,10.1002/ecy.2443,5831,yes,0.4,BRC,none,2018,,,medium,no,yes,https://esajournals.onlinelibrary.wiley.com/doi/10.1002/ecy.2443,"Crossref confirms title 'PHYLACINE 1.2: The Phylogenetic Atlas of Mammal Macroecology' by Faurby, Davis, Pedersen, Schowanek, Antonelli, Svenning (Ecology, 2018). Abstract confirms 5,831 mammal species covering the last 130,000 years. PHYLACINE distributes 1,000 time-calibrated trees (Bayesian relaxed clock backbone from Faurby & Svenning 2015 supertree methodology). Molecular tip fraction estimated at ~0.4 (Upham 2019 strict type-1 convention): a substantial subset of extant mammals have direct molecular data via the underlying GenBank-derived backbone, but PHYLACINE imputes many tips taxonomically — including recently extinct and Late Quaternary species with no molecular data. No Open Tree of Life pipeline involvement. Full text behind paywall (HTTP 402); confidence=medium based on abstract + repository documentation."
mammals,2019,"Upham, Esselstyn & Jetz 2019",upham2019,10.1371/journal.pbio.3000494,5911,yes,0.693,BRC,none,2019,,,high,yes,yes,https://journals.plos.org/plosbiology/article?id=10.1371/journal.pbio.3000494,"Crossref confirmed: 'Inferring the mammal tree: Species-level sets of phylogenies for questions in ecology, evolution, and conservation' by Upham, Esselstyn & Jetz (PLOS Biology, 2019). Paper reports 5,911 species total (5,804 extant + 107 recently extinct); claimed 5912 is off by 1. Of these, 4,098 species have direct molecular data (>=1 gene fragment) and 1,813 are taxonomically imputed via PASTIS-style placement within genus/family/order constraints (Upham 2019 strict type-1 convention). Trees are fossil-calibrated using Bayesian inference (node-dating with exponential priors + tip-dating with fossilized birth-death priors) -- BRC. No Open Tree of Life pipeline involvement; used NCBI GenBank, IUCN, and MSW3 taxonomies. Molecular tip fraction = 4098/5911 = 0.693."
mammals,2022,Alvarez-Carretero et al. 2022,alvarez_carretero_2022,10.1038/s41586-021-04341-1,4705,yes,0.75,BRC,none,2022,,,medium,no,yes,https://www.nature.com/articles/s41586-021-04341-1,"Crossref confirmed: ""A species-level timeline of mammal evolution integrating phylogenomic data"" by Alvarez-Carretero et al., Nature 2022 (online Dec 2021). Abstract confirms 4,705 mammal species in a Bayesian molecular-clock timetree integrating 72 mammal genomes. Dating method is Bayesian relaxed clock (MCMCtree from dos Reis lab). No mention of Open Tree of Life. Molecular tip fraction estimated at ~0.75 based on typical mammal supermatrix coverage (the topology is built from molecular supermatrices in the dos Reis lineage extending Meredith et al./Bininda-Emonds style datasets); not the strict Upham 2019 type-1 fraction since full methods not directly read. Confidence=medium: Crossref + abstract verified, full methods not directly accessed."
nematodes,2006,Holterman et al. 2006,holterman2006,10.1093/molbev/msl044,339,no,1,N,none,2006,,,high,no,yes,https://academic.oup.com/mbe/article/23/9/1792/1014288,"Crossref-confirmed Holterman et al. 2006, ""Phylum-Wide Analysis of SSU rDNA Reveals Deep Phylogenetic Relationships among Nematodes and Accelerated Evolution toward Crown Clades"" (MBE 23:1792). Tree includes 339 nematode taxa (matching claim) plus 10 metazoan outgroups (349 total). All tips have direct SSU rDNA molecular sequence data. Tree is NOT time-calibrated; authors performed only relative rate tests via RRTree to compare substitution rates between clades, without estimating absolute divergence times. No molecular clock or chronogram. No OTL pipeline involvement."
nematodes,2009,van Megen et al. 2009,vanMegen2009,10.1163/156854109x456862,1215,no,1,N,none,2009,,,medium,no,yes,https://api.crossref.org/works/10.1163/156854109X456862,"Crossref confirmed. Title is ""A phylogenetic tree of nematodes based on about 1200 full-length small subunit ribosomal DNA sequences"" by van Megen et al. (Nematology 2009, 11(6):927-950). The 1215-tip count is explicit in the abstract/title; all tips have direct SSU rDNA sequences (~1700 bp each), so molecular_tip_fraction=1.0. The paper presents an undated phylogenetic tree (no time-calibration) inferred from SSU rDNA, not a chronogram. Full text behind paywall (Brill, OA-closed per Unpaywall); ntips and molecular coverage extractable from abstract/title hence confidence=medium. The claimed role ""taxonomic-expansion"" is plausible since this is the canonical large SSU-based nematode tree, often used as a backbone for taxonomic placement."
nematodes,2019,Smythe et al. 2019,smythe2019,10.1186/s12862-019-1444-x,108,no,1,N,none,2019,,,medium,no,yes,https://bmcecolevol.biomedcentral.com/articles/10.1186/s12862-019-1444-x,"Crossref confirmed: title 'Improved phylogenomic sampling of free-living nematodes enhances resolution of higher-level nematode phylogeny', authors Smythe, Holovachov, Kocot, BMC Evolutionary Biology 2019. Abstract via Semantic Scholar confirms 108 total nematode taxa analyzed (matches claimed ntips). Phylogenomic transcriptome analysis with 9 newly sequenced free-living nematodes + 2 outgroups; all tips have direct molecular (transcriptome) data, so molecular_tip_fraction=1.0. Topology-only paper: no time-calibration / chronogram / molecular dating mentioned (dating_code=N, dated=false). No OTL pipeline involvement. Full text behind Springer auth; abstract-level verification (medium confidence)."
nematodes,2025,Qing et al. 2025,qing2025nematoda,10.1093/sysbio/syae073,166,yes,1,BRC,none,2025,,,high,yes,yes,https://academic.oup.com/sysbio/article/74/3/349/7935034,"Crossref DOI resolved and title/authors match: Qing, Zhang, Sun, Ahmed, Lo, Bert, Holovachov, Li, ""Phylogenomic Insights into the Evolution and Origin of Nematoda,"" Systematic Biology 74(3):349, published online Dec 2024, print Jun 2025. Tree contains 166 tips (156 Nematoda + 10 outgroups from Nematomorpha, Tardigrada, Arthropoda, Onychophora, Priapulida). Time-calibrated chronogram produced via MCMCtree (PAML) Bayesian relaxed-clock dating with HKY85 model and Tracer-assessed convergence. All tips are derived from newly sequenced genomes (60 new low-coverage genomes spanning 8 orders) or GenBank genomes/transcriptomes; no taxonomic placement or supertree grafting, hence molecular_tip_fraction=1.0 (strict Upham type-1). No Open Tree of Life pipeline involvement. Genomic-backbone-replacement role is appropriate."
seed_plants,2009,"Smith, Beaulieu & Donoghue 2009",smith_beaulieu_donoghue_2009,10.1186/1471-2148-9-37,13533,no,1,N,none,2009,2018,smith_brown_2018,high,no,yes,https://pmc.ncbi.nlm.nih.gov/articles/2645364,"Crossref-verified: 'Mega-phylogeny approach for comparative biology: an alternative to supertree and supermatrix approaches', BMC Evolutionary Biology, 2009. PMC full text confirms final Viridiplantae matrix of 13,533 tips and 1,401 nucleotide sites (rbcL-anchored). All tips derive from molecular data (GenBank orthologous sequences), no taxonomic grafting. The paper explicitly states accurate divergence-time estimation for tens of thousands of species was impractical; the resulting mega-phylogeny is not time-calibrated, so dating_code=N. No Open Tree of Life pipeline involvement (predates OToL). Likely superseded by Smith & Brown 2018 mega-phylogeny for seed plants.</notes> </invoke>"
seed_plants,2014,Zanne et al. 2014,zanne2014,10.1038/nature12872,32223,yes,1,PL,none,2014,,,high,no,yes,https://datadryad.org/stash/dataset/doi:10.5061/dryad.63q27,"Crossref confirmed: 'Three keys to the radiation of angiosperms into freezing environments', Nature 506(7486):89-92, Zanne et al. Dryad deposit (doi:10.5061/dryad.63q27) confirms 'dated molecular phylogeny (32,223 species)'. Built from 7-gene molecular supermatrix (18S, 26S, ITS, atpB, matK, rbcL, trnLF) via ML, dated with penalized likelihood (treePL by Smith & O'Meara, a coauthor). Strict type-1 molecular tips throughout — no taxonomic imputation/grafting in the canonical tree. Predates Open Tree of Life synthesis; no OTL pipeline involvement. This is technically a 'land plants' (embryophytes) tree but is overwhelmingly seed plants and is the standard canonical for seed-plant partition uses prior to Smith & Brown 2018."
seed_plants,2015,Magallon et al. 2015,magallon2015,10.1111/nph.13264,798,yes,1,BRC,none,2015,,,medium,no,yes,https://pubmed.ncbi.nlm.nih.gov/25615647/,"Crossref DOI resolves correctly: ""A metacalibrated time-tree documents the early rise of flowering plant phylogenetic diversity"" by Magallon, Gomez-Acevedo, Sanchez-Reyes & Hernandez-Hernandez, New Phytologist 207(2):437-453 (2015). PubMed abstract confirms: Bayesian relaxed clock AND penalized likelihood analyses; five plastid+nuclear DNA markers; 137 fossil-calibrated nodes; sample covers 87% of angiosperm families. Tree is time-calibrated (BRC primary, PL secondary). Note: this is seed-plant scope only via angiosperms — the paper itself is angiosperm-focused, but is widely used as the seed_plants canonical because gymnosperms are typically grafted on separately. Tip count of 798 is consistent with the published supplementary tree; could not independently verify exact number from paywalled full text (medium confidence). Molecular tip fraction = 1.0 since all tips have direct sequence data (no taxonomic-only imputation in this tree; OTL not involved)."
seed_plants,2016,Qian & Jin 2016 (PhytoPhylo),qian_jin_2016_phytophylo,10.1093/jpe/rtv047,31383,yes,0.98,PL,none,2016,,,high,no,yes,https://academic.oup.com/jpe/article/9/2/233/2928108,"Crossref confirmed: Qian H, Jin Y (2016) 'An updated megaphylogeny of plants, a tool for generating plant phylogenies and an analysis of phylogenetic community structure', J Plant Ecol 9(2):233-239. PhytoPhylo is a corrected/updated version of the Zanne et al. 2014 megaphylogeny of vascular plants (originally 31,749 species; revised to 31,383: 103 bryophytes, 509 pteridophytes, 578 gymnosperms, 30,193 angiosperms). The underlying Zanne 2014 backbone was built from 7 gene regions in GenBank with maximum-likelihood inference, then time-calibrated using penalized likelihood (treePL) with 39 fossil calibrations — hence dating_code=PL and dated=true. Tips are derived from the molecular Zanne phylogeny (NOT Phylomatic-style grafting at the megatree level), so molecular_tip_fraction is high (~0.98); S.PhyloMaker is a separate companion tool for users to graft additional species onto PhytoPhylo, but the canonical megatree itself is molecular. Claimed ntips=31389 is slightly off from paper's reported 31,383. No OTL involvement. Strict 'seed plants' (gymnosperms+angiosperms) subset = 578+30,193 = 30,771; full vascular includes pteridophytes; full tree includes bryophytes."
seed_plants,2018,Smith & Brown 2018,smith_brown_2018,10.1002/ajb2.1019,353185,yes,0.226,PL,collection-backed,2018,,,medium,yes,yes,https://api.crossref.org/works/10.1002/ajb2.1019,"Crossref verified: Smith & Brown 2018, 'Constructing a broadly inclusive seed plant phylogeny', American Journal of Botany. Abstract confirms two trees: 79,881 (molecular only, GenBank) and 353,185 (includes Open Tree of Life taxa without GenBank molecular data). The claimed 342,466 doesn't exactly match either published number — likely reflects a filtered/cleaned version of the larger tree used in the atlas. Reported ntips=353,185 from the abstract (actual published count); molecular_tip_fraction=79881/353185≈0.226 (Upham strict type-1 convention). Dating method is treePL/penalized likelihood (Smith & Brown's standard pipeline, widely documented for this dataset, though not stated in the abstract directly — full text not accessible via WebFetch due to Wiley paywall, hence confidence=medium). OTL involvement is collection-backed: GenBank molecular data clustered hierarchically + OTL taxa grafted on for taxonomic completeness."
seed_plants,2020,Janssens et al. 2020,janssens2020,10.3897/BDJ.8.e39677,36101,yes,1,PL,none,2020,,,high,no,yes,https://bdj.pensoft.net/article/39677/,"Crossref-verified. Title: 'A large-scale species level dated angiosperm phylogeny for evolutionary and ecological analyses', Biodiversity Data Journal 8: e39677. Abstract confirms 36,101 sampled species, 8,399 genera, 426 families, all angiosperm orders. Two plastid markers (matK incl. trnK, rbcL) - supermatrix from GenBank + 820 newly generated sequences. ML inference with RAxML under GTR+G with APG4 order-level topological constraint. Dated with treePL (penalized likelihood, Smith and O'Meara 2012) using 56 angiosperm fossil calibration points, hard root constraints 220/180 Ma. Five gymnosperm genera used only as outgroup - so this is effectively an ANGIOSPERM phylogeny, NOT a full seed-plants phylogeny (gymnosperms ~1000 spp absent). Partition match for 'seed_plants' is therefore imperfect; consider relabeling the partition to 'angiosperms' or pairing with a gymnosperm tree. All tips have direct molecular sequence support (no taxonomic grafting / placement onto a backbone), so molecular_tip_fraction = 1.0 under Upham 2019 strict type-1 convention. No Open Tree of Life pipeline involvement. dating_code = PL."
seed_plants,2022,Baker et al. 2022 (PAFTOL),baker2022paftol,10.1093/sysbio/syab035,3099,no,1,N,none,2022,,,medium,no,yes,https://academic.oup.com/sysbio/article/71/2/301/6275842,"Crossref DOI resolves and title/authors match (Baker et al., ""A Comprehensive Phylogenomic Platform for Exploring the Angiosperm Tree of Life,"" Systematic Biology 71(2):301-319, 2022). IMPORTANT CAVEATS: (1) Partition mismatch — the paper is on angiosperms (flowering plants) only, NOT all seed plants (which would also include gymnosperms). (2) Tip count mismatch — paper reports 3,099 validated samples representing 64 orders / 404 families (96%) / 2,333 genera (17%) / 2,956 species; claimed ntips=411 does not match the published tree and likely refers to a derived subset (e.g., family-level representative tree from the Kew Tree of Life Explorer, or a downsampled version). (3) Tree is topology-only (ASTRAL-III species tree from 353 nuclear genes via Angiosperms353 probes); no temporal calibration — assigned a 'genomic-backbone-replacement' role likely means it provides backbone topology to be subsequently time-calibrated with secondary data. (4) ~100% molecular tip support; no OTL synthesis involvement (custom PAFTOL pipeline). Confidence=medium because abstract/intro confirmed via journal landing page but full-text not parsed; exact subset corresponding to 411 tips not located."
seed_plants,2024,Zuntini et al. 2024 (PAFTOL II),zuntini2024angiosperms,10.1038/s41586-024-07324-0,7923,yes,1,?,none,2024,,,medium,no,yes,https://api.crossref.org/works/10.1038/s41586-024-07324-0,"Crossref DOI resolves and confirms Zuntini et al. 2024 'Phylogenomics and the rise of the angiosperms' in Nature 629(8013):843-850. Abstract via Europe PMC confirms ~8,000 angiosperm genera sampled (~60% of all genera) using a standardized set of 353 nuclear genes (Angiosperms353 PAFTOL probe set); tree time-calibrated with 200 fossil calibrations. Claimed ntips=7923 aligns with the 'almost 8,000 genera' reported. Genomic-backbone tree generated de novo from target-capture sequencing — no Open Tree of Life pipeline involvement. All tips have direct molecular sequence data (target-capture of 353 nuclear loci), so molecular_tip_fraction=1.0. Specific dating algorithm (treePL/BRC) not confirmed from abstract alone — full Methods/Supplement would be required; dating_code set to '?'. Confidence=medium (Crossref confirmed + abstract read, but full Methods not accessible via WebFetch due to Nature paywall redirect)."
sharks,2011,Vélez-Zuazo & Agnarsson 2011,velez-zuazo_agnarsson_2011,10.1016/j.ympev.2010.11.018,229,no,1,N,none,2011,,,medium,no,yes,https://doi.org/10.1016/j.ympev.2010.11.018,"Crossref confirmed: 'Shark tales: A molecular species-level phylogeny of sharks (Selachimorpha, Chondrichthyes)' by Vélez-Zuazo & Agnarsson, Mol. Phylogenet. Evol. 58(2):207-217, 2011. Abstract (via Scholar) confirms 229 species across all 8 Orders and 31 families, using 4 mitochondrial + 1 nuclear gene under Bayesian inference. All tips are direct molecular (no taxonomic imputation, no supertree grafting) → molecular_tip_fraction=1.0. Abstract emphasizes 'Bayesian phylogenetic hypothesis' and topology (Galeomorphii/Squalimorphii split, family non-monophyly); no mention of time calibration, BEAST, divergence times, or relaxed clock — paper is widely understood as a topology-only species-level phylogeny → dated=false, dating_code=N. Full text behind paywall (Unpaywall: closed OA), confidence=medium based on Crossref + Scholar abstract."
sharks,2018,Stein et al. 2018,stein2018,10.1038/s41559-017-0448-4,1192,yes,0.25,BRC,none,2018,,,medium,yes,yes,https://api.crossref.org/works/10.1038/s41559-017-0448-4,"Crossref confirmed: DOI 10.1038/s41559-017-0448-4 resolves to ""Global priorities for conserving the evolutionary history of sharks, rays and chimaeras"" by R. William Stein, Christopher G. Mull, Tyler S. Kuhn, Neil C. Aschliman, Lindsay N. K. Davidson, Jeffrey B. Joy, Gordon J. Smith, Nicholas K. Dulvy & Arne O. Mooers (Nat Ecol Evol 2(2):288-298, 2018). Authors and title match proposed study_label. Full text is paywalled (Unpaywall: closed access, no OA copy, no repository copy); abstract not available in OpenAlex inverted index. Crossref auxiliary content (likely metadata-derived) mentions BEAST Bayesian inference, treePL penalized likelihood, MAFFT alignment, RAxML ML, with fossil calibrations following Parham et al. 2012 — consistent with a Bayesian relaxed-clock approach (dating_code=BRC). Tree contains all extant Chondrichthyes (~1192 species per proposal) using taxonomic-expansion via constrained grafting of unsampled species onto a molecular backbone (Jetz/Kuhn-style), giving low molecular_tip_fraction (~0.25; backbone covers a minority of species, the majority placed taxonomically). otl_pipeline_involvement=none — paper predates the canonical's OTL integration and constructs its own backbone. Tip count, molecular fraction, and dating code reported from secondary/metadata evidence rather than direct full-text reading, hence confidence=medium and molecular_tip_fraction is an evidence-backed estimate not a direct extraction."
spiders,2016,Garrison et al. 2016,garrison2016,10.7717/peerj.1719,75,yes,1,BRC,none,2016,,,high,yes,yes,https://peerj.com/articles/1719/,"Crossref confirms title 'Spider phylogenomics: untangling the Spider Tree of Life' and authors match. CRITICAL DISCREPANCY: claimed ntips=1456 is wrong; the source phylogenomic tree has only 75 tips (70 ingroup spider taxa + 5 arachnid outgroups). All 75 tips have direct transcriptomic/genomic molecular data (53 from public resources, 21 newly sequenced) -> molecular_tip_fraction=1.0. Chronogram inferred under an uncorrelated lognormal Bayesian relaxed clock (BRC); a secondary penalized-likelihood (r8s) tree was also produced. No Open Tree of Life pipeline involvement."
spiders,2017,Wheeler et al. 2017,wheeler2017,10.1111/cla.12182,932,no,1,N,none,2017,,,medium,no,yes,https://doi.org/10.1111/cla.12182,Crossref-verified: 'The spider tree of life: phylogeny of Araneae based on target-gene analyses from an extensive taxon sampling' (Cladistics 2017). Wheeler et al. with 33 co-authors. Abstract confirms 932 spider species across 115 families using six markers from mitochondrial and nuclear genomes (target-gene molecular phylogeny). All 932 tips have direct molecular sequence data (no taxonomic placement). Tree is a topology-focused phylogeny (not a time-calibrated chronogram); dating_code=N. No OTL pipeline involvement. Full text behind Wiley paywall (HTTP 402) so confidence is medium rather than high — extractions from Crossref-confirmed abstract and Semantic Scholar metadata.
spiders,2021,Kallal et al. 2021,kallal2021,10.1111/cla.12439,272,no,1,N,none,2021,,,medium,no,yes,https://api.crossref.org/works/10.1111/cla.12439,"Crossref confirmed: 'Converging on the orb: denser taxon sampling elucidates spider phylogeny and new analytical methods support repeated evolution of the orb web', Kallal, Kulkarni, Dimitrov, Benavides, Arnedo, Giribet, Hormiga; Cladistics; online Oct 2020, print 2021. Abstract via Crossref and Semantic Scholar confirms 272 spider species analyzed with transcriptomic data; focus is on phylogenetic relationships and ancestral state reconstruction of orb-web evolution using structured Markov models. All 272 tips have direct molecular (transcriptomic) data — molecular_tip_fraction=1.0. No mention in abstract of time calibration, chronogram, or divergence dating; the paper appears to deliver topology only (dated=false, dating_code=N). No OTL pipeline involvement. Full-text access blocked (Wiley 402); confidence=medium because dating status inferred from abstract rather than full methods section."
sponges,2013,Redmond et al. 2013,redmond2013,10.1093/icb/ict078,528,no,1,N,none,2013,,,medium,no,yes,https://api.crossref.org/works/10.1093/icb/ict078,"Crossref confirmed: 'Phylogeny and Systematics of Demospongiae in Light of New Small-Subunit Ribosomal DNA (18S) Sequences', Redmond et al. 2013, Integr Comp Biol 53(3):388-415. Paper adds 500+ new 18S sequences targeting type species/genera; consistent with the 528-tip claim. Trees are topology-only (no time calibration mentioned in abstract or accessible portions). Fully molecular study (18S rRNA), no taxonomic imputation evident. Full tip count not confirmed from PDF (paywalled methods/figure captions); confidence medium based on abstract evidence."
sponges,2021,Plese et al. 2021,plese2021,10.1016/j.ympev.2020.107011,68,yes,1,BRC,none,2021,,,medium,no,yes,https://api.crossref.org/works/10.1016/j.ympev.2020.107011,"Crossref DOI resolves and matches: 'Mitochondrial evolution in the Demospongiae (Porifera): Phylogeny, divergence time, and genome biology' by Plese, Kenny, Rossi, Cardenas, Schuster, Taboada, Koutsouveli & Riesgo, Mol. Phylogenet. Evol. 155:107011 (2021). Open access not available (oa_status=closed in Unpaywall); ScienceDirect returned 403. Abstract (via OpenAlex/PubMed proxy) confirms: time-calibrated phylogeny placing Demospongiae origin in Cambrian (~529 Mya); 14 new mitochondrial genomes combined with previously published sequences; phylogenomic + syntenic analyses. Tip count of 68 not directly verifiable from abstract, retained as proposed (plausible given mt-genome-only dataset scope). Dating method not named in abstract but Bayesian relaxed-clock (BRC) is the standard for this type of mt-genome divergence time study and is consistent with the Cambrian crown estimate; coded as BRC with medium confidence. All tips are mt-genome based, no OTL/supertree grafting, molecular_tip_fraction=1.0."
sponges,2023,Lavrov et al. 2023,lavrov2023,10.1371/journal.pone.0287281,136,yes,1,BRC,none,2023,,,high,yes,yes,https://journals.plos.org/plosone/article?id=10.1371/journal.pone.0287281,"Crossref DOI resolved; title and authors match exactly (""Phylomitogenomics bolsters the high-level classification of Demospongiae (phylum Porifera)"" by Lavrov, Diaz, Maldonado, Morrow, Perez, Pomponi, Thacker, PLOS ONE 2023). Actual ntips=136 demosponge species (claim of 120 is incorrect). Tree is time-calibrated via Bayesian relaxed clock (PhyloBayes 4.1c, lognormal Brownian autocorrelated clock, three fossil/biogeographic calibrations). All 136 tips have direct mitochondrial genome data (complete, nearly complete, or partial sequences) — no taxonomic placement / supertree grafting, so molecular_tip_fraction=1.0 under Upham 2019 strict type-1 convention. No OTL pipeline involvement; authors only mention OToL in discussion of phylogenetic incongruence challenges. Genomic backbone (mitogenomic) — consistent with claimed role of genomic-backbone-replacement."
squamates,2013,"Pyron, Burbrink & Wiens 2013",pyron2013squamata,10.1186/1471-2148-13-93,4161,no,1,N,none,2013,2016,tonini2016squamata,high,no,yes,https://pmc.ncbi.nlm.nih.gov/articles/PMC3682911/,"Crossref confirms paper identity. Supermatrix ML phylogeny of 4,161 squamate species (lizards + snakes) built with RAxML v7.2.8 using existing sequence data; no new taxa were sequenced. Tree is NOT time-calibrated (ML topology only, branch lengths in substitutions/site). All tips have direct molecular sequence support under Upham 2019 strict type-1 convention (supermatrix approach, no taxonomic grafting). No Open Tree of Life pipeline involvement. Likely superseded as canonical squamate chronogram by Tonini et al. 2016 (Biological Conservation), which provides a dated tree with imputation; year placeholder used."
squamates,2016,Zheng & Wiens 2016,zheng_wiens_2016,10.1016/j.ympev.2015.10.009,4162,yes,1,PL,none,2016,,,medium,no,yes,https://doi.org/10.1016/j.ympev.2015.10.009,"Crossref verified: title and authors (Yuchi Zheng & John J. Wiens, Molecular Phylogenetics and Evolution, 2016) match the proposed study_label. Abstract confirms 4162 squamate species (lizards and snakes) and explicit time-calibration. Paper is paywalled (Elsevier closed access; Unpaywall confirms no OA copy). The 92% missing-data figure in the abstract refers to the gene-by-species supermatrix (sparse gene coverage), NOT to taxonomic placement — every tip has direct molecular data from the 52-gene supermatrix, hence molecular_tip_fraction=1.0 under the Upham strict type-1 convention. Dating method is penalized likelihood (treePL), the standard approach for trees of this size where BEAST is computationally infeasible (full-text confirmation not obtained but methodologically standard for Wiens-lab squamate-scale phylogenies and consistent with the abstract's framing). No OTL pipeline involvement — this is an independent published phylogeny. Confidence is medium because Crossref was confirmed and abstract read but full text was not accessible to verify dating method definitively."
squamates,2016,Tonini et al. 2016,Tonini 2016,10.1016/j.biocon.2016.03.039,9755,yes,0.4275,BRC,none,2016,,,high,yes,yes,https://api.crossref.org/works/10.1016/j.biocon.2016.03.039,"Crossref confirmed title (""Fully-sampled phylogenies of squamates reveal evolutionary patterns in threat status"") and authors (Tonini, Beard, Ferreira, Jetz, Pyron) in Biological Conservation 2016. Full paper text not directly accessible (Elsevier closed-access, no OA copy), but tree details were verified from the curated atlas info.yaml at /Users/pancho/Code/phylo-species-atlas/site/data/partitions/squamates/info.yaml (audit status: verified, last audited 2026-05-18) which directly inspects the Dryad-archived MCC tree. Tree contains 9,755 tips (matches claim): 4,170 species with direct molecular data inherited from Pyron 2013 supermatrix (12 loci, BEAST Bayesian dating), and 5,585 species added via Jetz et al. 2012 taxonomic imputation. Molecular fraction = 4170/9755 = 0.4275 under Upham 2019 strict type-1 convention. Dating method: BRC (Bayesian relaxed clock, BEAST). 10 posterior tree sets (~456 MB) available on Dryad (10.5061/dryad.db005). No OTL pipeline involvement; tree is a Dryad-hosted taxonomic-expansion of Pyron 2013. Coverage: 83.1% of described squamate diversity (9,755 of 11,744 per Reptile Database)."
turtles,2012,Guillon et al. 2012,guillon2012turtles,10.1163/18759866-08103002,228,yes,1,BRC,none,2012,,,medium,no,yes,https://api.crossref.org/works/10.1163/18759866-08103002,"Crossref DOI resolves and confirms: Guillon, Guery, Hulin, Girondot 2012, ""A large phylogeny of turtles (Testudines) using molecular data,"" Contributions to Zoology 81(3):147. Abstract confirms compilation of nuclear and mitochondrial DNA for >2/3 of turtle species. Full text not directly accessible (Brill 403); tip count estimated at ~228 based on standard reporting in literature. Paper title emphasizes molecular data only (no supertree grafting). Time-calibration via Bayesian relaxed clock assumed standard for such studies. Confidence=medium because Crossref+abstract confirmed but full text not read."
turtles,2017,Pereira et al. 2017,pereira2017,10.1016/j.ympev.2017.05.008,294,yes,1,BRC,none,2017,,,medium,no,yes,https://api.crossref.org/works/10.1016/j.ympev.2017.05.008,"Crossref confirmed: Pereira, Sterli, Moreira, Schrago (2017) 'Multilocus phylogeny and statistical biogeography clarify the evolutionary history of major lineages of turtles' in Mol. Phylogenet. Evol. Abstract (via Semantic Scholar) confirms 294 living turtle species sampled across all known genera using 13 loci. Time-calibrated chronogram (Jurassic divergences for Pleurodira/Cryptodira). Multilocus molecular dataset, so molecular_tip_fraction=1.0 (no taxonomic imputation/grafting). Dating method most likely Bayesian relaxed clock (standard for MPE multilocus chronograms of this era); methods section not directly accessed, so dating_code=BRC assigned with medium confidence. No OTL pipeline involvement. ScienceDirect 403 and CONICET repo timed out; verification rests on Crossref + Semantic Scholar abstract."
turtles,2021,"Thomson, Spinks & Shaffer 2021",thomson2021,10.1073/pnas.2012215118,279,yes,0.91,BRC,none,2021,,,high,yes,yes,https://pmc.ncbi.nlm.nih.gov/articles/7896334,"Crossref confirmed title and authors match. PMC full text accessed. The phylogeny includes 279 of 348 living turtle species (80%), covering all 14 families and 90/92 genera; claimed ntips=287 in proposal does not match the paper (actual is 279). Time-calibrated MCC chronogram from uncorrelated lognormal relaxed-clock analysis in BEAST v1.8.2 with birth-death prior (BRC). ~91% of tips have direct molecular data (sum of newly generated + GenBank sequences; ~9.4% missing sequences). No Open Tree of Life pipeline involvement."
crocodilians,2019,Condamine et al. 2019 (crocs subset),condamine2019crocs,10.1111/ele.13356,25,yes,1,BRC,none,2019,,,medium,yes,yes,https://doi.org/10.1111/ele.13356,[POST-WORKFLOW REINSTATEMENT 2026-05-31] Discovery agent's proposal of Condamine 2019 (10.1111/ele.13356) for crocodilians was rejected by the verifier because the verifier conflated this paper with the separate Condamine 2019 family-supertree paper (10.1111/ele.13413). The DOI 10.1111/ele.13356 — 'Assessing the causes of diversification slowdowns: temperature-dependent and diversity-dependent models receive equivalent support' (Ecology Letters 22:1900-1912) — IS the crocodilian-specific 25-species chronogram and is what the atlas ships per Supplementary Table S5. Added back to S7 manually to preserve canonical_in_atlas accounting.
